{
    "class_name": "ViewTrajectory",
    "interval": 29,
    "is_loop": false,
    "trajectory": [
        {
            "boundingbox_max": [
                4.8850736618041992,
                9.0754432678222656,
                3.1577000617980957
            ],
            "boundingbox_min": [
                -5.7736477851867676,
                -2.8688793182373047,
                -2.9313015937805176
            ],
            "field_of_view": 60.0,
            "front": [
                0.0,
                0.0,
                1.0
            ],
            "lookat": [
                -0.44428706169128418,
                3.1032819747924805,
                0.11319923400878906
            ],
            "up": [
                0.0,
                1.0,
                0.0
            ],
            "zoom": 0.69999999999999996
        }
    ],
    "version_major": 1,
    "version_minor": 0
}
