6.480905467000000364e+00,-5.618264898000000329e+01,9.662902926999999975e-01,-8.606563287999999950e-03,2.200112682000000125e-02,4.736944659999999807e-01,8.803723248999999473e-01
6.480829574999999565e+00,-5.617929268999999692e+01,9.609643945000000409e-01,-7.419028763000000241e-03,2.217620252000000042e-02,4.732380734000000699e-01,8.806241536000000147e-01
6.479696878000000382e+00,-5.617472708999999753e+01,9.537585715999999936e-01,-7.061486064999998938e-03,2.116971424000000171e-02,4.743068851000000197e-01,8.800766770000000294e-01
6.478202253000000077e+00,-5.616985428000000269e+01,9.455216630999999650e-01,-7.358799028999999520e-03,1.913992994999999878e-02,4.725009638999999595e-01,8.810915674999998393e-01
6.477934856000000075e+00,-5.616465390999999840e+01,9.383453733000000074e-01,-8.490757510999999078e-03,1.771989108000000118e-02,4.722384640999999772e-01,8.812518058999999626e-01
6.478027843999999646e+00,-5.616043376999999737e+01,9.326252474999999764e-01,-8.423117726999999194e-03,1.676063413000000030e-02,4.729623459000000252e-01,8.808829387000000066e-01
6.480368569000000356e+00,-5.615485426000000047e+01,9.267050691999999534e-01,-7.237039778999998854e-03,1.608600736000000142e-02,4.749493999000000133e-01,8.798363103999999879e-01
6.480925605000000367e+00,-5.615224243000000115e+01,9.232155821999999956e-01,-6.668753104999999501e-03,1.549392738999999866e-02,4.735152658999999264e-01,8.806240734999999376e-01
6.479813377000000152e+00,-5.615109583000000271e+01,9.200820586000000301e-01,-6.547105064999999419e-03,1.509383398000000050e-02,4.735364007999999791e-01,8.806205701999999524e-01
6.482737274999999855e+00,-5.615066141999999871e+01,9.164699727999999768e-01,-6.021136600999999616e-03,1.569742122000000045e-02,4.744508403000000096e-01,8.801214331000000168e-01
6.485802785999999820e+00,-5.615113749000000354e+01,9.110066232000000319e-01,-5.369836618999999922e-03,1.652998564000000142e-02,4.744074828000000021e-01,8.801337766000001395e-01
6.490018784000000096e+00,-5.615138988999999725e+01,9.068283074999999860e-01,-4.369700295999999484e-03,1.724548227999999489e-02,4.748436442000000257e-01,8.798903411999998703e-01
6.490434920000000218e+00,-5.615291950000000298e+01,9.023097964999999832e-01,-3.989036930000001112e-03,1.711746250000000316e-02,4.732702522000000189e-01,8.807419306999999531e-01
6.494170798999999938e+00,-5.615116035999999866e+01,8.973084072000000466e-01,-3.787560156999999952e-03,1.817723091000000152e-02,4.729879732000000225e-01,8.808732143999999931e-01
6.498029402000000232e+00,-5.614944186999999687e+01,8.921118179999999453e-01,-2.796795686000000218e-03,1.969553907000000381e-02,4.735141105999999822e-01,8.805615542000000406e-01
6.499152880999999660e+00,-5.615202235000000286e+01,8.868162737000000462e-01,-1.737709748000000306e-03,2.033384595999999933e-02,4.733808637000000430e-01,8.806214129999999640e-01
6.501752532000000251e+00,-5.615255031000000230e+01,8.809448210000000445e-01,-2.569536970999999892e-04,2.058379294999999887e-02,4.715799550999999479e-01,8.815830008999999690e-01
6.500333907999999994e+00,-5.615589720999999912e+01,8.765785825999999892e-01,1.030002709999999896e-03,1.984431102000000155e-02,4.722663758999999795e-01,8.812318721999999882e-01
6.502086839999999590e+00,-5.615722387999999654e+01,8.718491856000000206e-01,1.794296479999999945e-03,1.941588383000000112e-02,4.718013523999999848e-01,8.814892443000000855e-01
6.507646347999999747e+00,-5.615953838000000076e+01,8.660567442000000060e-01,2.061799349999999913e-03,1.979815934999999694e-02,4.707957950000000169e-01,8.820176308999999604e-01
6.509449714999999692e+00,-5.615559972999999871e+01,8.586524559999999529e-01,1.415976084000000095e-03,2.022018444000000040e-02,4.704798476000000007e-01,8.821779027999999689e-01
6.511492156000000087e+00,-5.615130682000000206e+01,8.511544492999999489e-01,3.058344958000000133e-04,2.077183699000000050e-02,4.691510380000000202e-01,8.828735700999998937e-01
6.511255429000000206e+00,-5.615117851000000115e+01,8.434164479000000325e-01,-1.092819789999999961e-03,2.093151686999999983e-02,4.673160447999999967e-01,8.838418363000001277e-01
6.519117499000000038e+00,-5.614407829000000305e+01,8.346297444000000398e-01,-3.133037928000000170e-03,2.243324869999999832e-02,4.674836734000000216e-01,8.837114621999999642e-01
6.522904064999999640e+00,-5.614591876000000070e+01,8.261430066999999600e-01,-3.121137405000000507e-03,2.288675341000000196e-02,4.698279976999999996e-01,8.824557256000000738e-01
6.535556950000000143e+00,-5.614058087000000086e+01,8.200898896999999632e-01,-4.012519007999999950e-03,2.534949589000000392e-02,4.692379178999999678e-01,8.826987477000000082e-01
6.543518456000000150e+00,-5.613792970000000082e+01,8.132974887999999680e-01,-6.034958677000000320e-03,2.612817040000000104e-02,4.730849343000000373e-01,8.806086208000001303e-01
6.557830952999999852e+00,-5.613081978999999677e+01,8.051483938000000284e-01,-8.733467288000000550e-03,2.504627791999999853e-02,4.783148308999999321e-01,8.777877494000000391e-01
6.571861940999999874e+00,-5.612464673000000204e+01,7.971175549000000249e-01,-1.161880470000000061e-02,2.236196005000000084e-02,4.863443282000000645e-01,8.734037672000001251e-01
6.585903787000000342e+00,-5.611655526999999921e+01,7.929890243999999644e-01,-1.394008417999999944e-02,2.121326562999999860e-02,4.949685785999999865e-01,8.685400264999999509e-01
6.607133475999999561e+00,-5.609737476000000100e+01,7.886152732000000221e-01,-1.305855874000000014e-02,2.280641502999999556e-02,4.969151495999999946e-01,8.674011042000000504e-01
6.629670393999999689e+00,-5.606844785999999914e+01,7.843330530000000023e-01,-8.413556266000000658e-03,2.229966971000000089e-02,5.058190201000000163e-01,8.623103012999999706e-01
6.656717979999999812e+00,-5.602614666000000199e+01,7.772375356999999818e-01,-1.250397444000000058e-03,2.285821275999999971e-02,5.071511105999999547e-01,8.615530684000001216e-01
6.683292538999999977e+00,-5.598041450000000196e+01,7.703751186999999723e-01,9.292448925000000234e-03,2.466249078000000081e-02,5.068798471000000028e-01,8.616137374000001348e-01
6.705194779000000160e+00,-5.592778954999999996e+01,7.684233690999999755e-01,1.877941547999999877e-02,2.393833911999999897e-02,5.125378726999999524e-01,8.581254096000001663e-01
6.733205324000000047e+00,-5.586506074999999782e+01,7.756681684999999771e-01,2.252522558999999966e-02,2.767583248999999981e-02,5.051258172000000490e-01,8.623077009999999820e-01
6.759500324000000226e+00,-5.579865972999999713e+01,7.843643702000000495e-01,2.436030396000000292e-02,3.052392649000000222e-02,4.906554462000000116e-01,8.704780862000001118e-01
6.786484738000000405e+00,-5.572699592000000024e+01,7.871448036000000537e-01,2.312502107999999876e-02,3.164962092000001004e-02,5.020730854999999604e-01,8.639364281000001533e-01
6.814166422999999639e+00,-5.565256423000000296e+01,7.849672865000000277e-01,1.828109094000000129e-02,3.049863917999999854e-02,4.966893077999999795e-01,8.671997268000000147e-01
6.842326256999999856e+00,-5.557693050000000312e+01,7.780040314999999707e-01,1.237867295999999992e-02,2.481226165000000039e-02,4.981117825999999971e-01,8.666693557000000325e-01
6.871855420000000159e+00,-5.549477232000000271e+01,7.710004795999999549e-01,6.065143012999999785e-03,1.778754045000000006e-02,5.042693499000000523e-01,8.633419022000000664e-01
6.899970043999999803e+00,-5.541666548999999975e+01,7.717025043999999889e-01,2.075961462000000188e-03,7.763641671000000299e-03,5.244954324999999695e-01,8.513753329000001147e-01
6.930542497000000246e+00,-5.533323765000000094e+01,7.824267252000000061e-01,-8.667290462000000993e-04,3.070678653999999851e-03,5.482165641000000811e-01,8.363303286000001169e-01
6.959678002000000419e+00,-5.524833223000000260e+01,7.905306885999999755e-01,-2.348598785999999813e-03,5.013738030999998797e-03,5.649742110000000039e-01,8.250899873999998357e-01
6.986602561999999850e+00,-5.515636118999999837e+01,7.908503574999999897e-01,-7.244946300999998735e-03,8.445447352000000352e-03,5.828086893999998575e-01,8.125332095999998616e-01
7.013432295000000316e+00,-5.506218678999999838e+01,7.818468984999999982e-01,-6.234031444000000949e-03,1.159890556999999996e-02,5.944921838000000180e-01,8.039935607000000539e-01
7.040213579999999638e+00,-5.496698418999999802e+01,7.723288739000000458e-01,1.912104523000000052e-03,1.136105794000000051e-02,6.015305055999999873e-01,7.987667500999999781e-01
7.066004063000000279e+00,-5.486822691999999790e+01,7.704012964999999991e-01,8.372283553999999850e-03,7.699144307999999416e-03,6.037336497999999940e-01,7.971049542999999460e-01
7.091777675000000336e+00,-5.476478329999999772e+01,7.818472705000000245e-01,8.076699531999999293e-03,4.735058424999999925e-03,5.940233853999999925e-01,8.043932891999999724e-01
7.115955943000000339e+00,-5.465944111999999677e+01,7.954396462999999695e-01,2.910728336999999968e-03,5.487857151999999891e-03,5.976862380999999891e-01,8.017060383000000900e-01
7.141619833000000028e+00,-5.454607622000000333e+01,7.976246487000000496e-01,-1.864776381000000276e-03,8.656229110000001822e-03,6.043188110999999640e-01,7.966933957999999816e-01
7.167475239999999914e+00,-5.443802611000000269e+01,7.857733528000000467e-01,-2.817269527999999475e-03,8.153196608999999442e-03,6.159974904999998557e-01,7.877008823999999132e-01
7.195069057999999629e+00,-5.432444807000000253e+01,7.706784545000000541e-01,-3.905596990999999837e-03,7.770050329000000554e-03,6.393603386000000777e-01,7.688580688999999690e-01
7.217800676999999610e+00,-5.422109420999999685e+01,7.646280236000000397e-01,-7.865354022999999223e-03,5.484695490999999708e-03,6.594139103999999696e-01,7.517189295999998633e-01
7.237680804000000023e+00,-5.411021416999999900e+01,7.737936404999999906e-01,-1.394880060999999748e-02,1.139555295000000031e-02,6.896032345000000507e-01,7.239633631999999874e-01
7.251915892000000419e+00,-5.400479073000000341e+01,7.844635354000000227e-01,-1.660350851000000003e-02,1.656478156999999923e-02,7.022155812999999469e-01,7.115779711000000951e-01
7.258616387000000003e+00,-5.389207104999999842e+01,7.882128125999999790e-01,-1.926471248000000136e-02,1.870807353000000089e-02,7.183794814999998612e-01,6.951329364999998539e-01
7.263745849000000199e+00,-5.377925077999999814e+01,7.817957083000000029e-01,-1.465011721999999982e-02,1.617801950999999891e-02,7.191730390999999667e-01,6.944881465000000142e-01
7.263373249999999892e+00,-5.367292554000000138e+01,7.744151321000000143e-01,-3.625425206000000306e-03,1.203956335999999995e-02,7.263976072000000173e-01,6.871596768000001187e-01
7.263437548999999827e+00,-5.355888855999999976e+01,7.809422257000000478e-01,9.614217108999999553e-03,3.703892078999999980e-03,7.167670859000000450e-01,6.972365399000000075e-01
7.263601391999999990e+00,-5.345494151999999843e+01,7.965393266000000416e-01,1.507966739999999986e-02,-4.290039697999999645e-03,7.067455773999999913e-01,7.072940604999999881e-01
7.265513448000000096e+00,-5.334195223999999769e+01,8.115987896999999895e-01,9.631707724000000345e-03,-6.316112995999999952e-03,7.114890350000000474e-01,7.026027967000000318e-01
7.267247120000000393e+00,-5.323130265999999722e+01,8.163137731999999813e-01,1.157042513999999994e-02,-8.352960339999999928e-03,7.067090144000000018e-01,7.073603907000000079e-01
7.270740350999999713e+00,-5.312063157000000047e+01,8.079613204000000160e-01,1.691294671000000138e-02,-1.446164042000000136e-02,7.211646690999999887e-01,6.924061908999999959e-01
7.277243493000000285e+00,-5.300528025999999926e+01,8.001110357999999811e-01,1.818418709999999883e-02,-1.887867675000000009e-02,7.261608336000000552e-01,6.870250173999999932e-01
7.278735190999999993e+00,-5.289901455999999769e+01,8.033522176999999820e-01,1.672789334999999836e-02,-2.793892321000000095e-02,7.428794202000000846e-01,6.686327550999999758e-01
7.277744184000000338e+00,-5.278045861999999744e+01,8.159195326999999498e-01,1.022316338000000061e-02,-3.076280423999999680e-02,7.481895733000000215e-01,6.626926129000000332e-01
7.271280806000000041e+00,-5.267137269999999916e+01,8.241378593999999502e-01,1.760289611999999911e-06,-2.677723959999999889e-02,7.564985551999999780e-01,6.534469491999999047e-01
7.263388731000000043e+00,-5.255293152000000134e+01,8.180030930999999672e-01,-5.550621781000000289e-03,-2.021049546000000183e-02,7.659430331000001146e-01,6.425667253000000301e-01
7.255098413999999885e+00,-5.243214031000000119e+01,8.016274389999999972e-01,-3.417556815000000192e-03,-1.628017212999999935e-02,7.675222981000000555e-01,6.408063655999999275e-01
7.240542998999999647e+00,-5.231118622000000329e+01,7.909475029000000434e-01,5.294392784000000315e-04,-1.228128201000000183e-02,7.698557928999999467e-01,6.380994813000000487e-01
7.225378088000000254e+00,-5.219352884999999986e+01,7.931317084000000239e-01,5.284238242999999592e-03,-1.103542063999999982e-02,7.711540838999998426e-01,6.365309695999999962e-01
7.208096308000000008e+00,-5.206947919000000269e+01,8.051864937999999583e-01,1.307753353999999927e-03,-8.132604594000000103e-03,7.637740369000000085e-01,6.454311512999999501e-01
7.187932954999999957e+00,-5.194978316000000262e+01,8.106080691999999477e-01,-5.716395108999999114e-03,-9.999573229000000268e-04,7.669480464000000275e-01,6.416829567999999817e-01
7.172971347999999914e+00,-5.182445872000000264e+01,8.031246856000000545e-01,-1.181903438000000105e-02,7.199385646999999569e-03,7.706999169999999566e-01,6.370479708999999824e-01
7.157492460000000278e+00,-5.170007841000000326e+01,7.844296706000000174e-01,-1.320144156999999985e-02,7.287752469000000066e-03,7.738966588000001368e-01,6.331323495999999773e-01
7.139055138999999883e+00,-5.157820642000000078e+01,7.703360500000000499e-01,-1.753330575999999946e-02,6.475252176000000082e-03,7.810147417999998565e-01,6.242328311000000518e-01
7.122956442999999638e+00,-5.145769931000000241e+01,7.737097780999999674e-01,-1.831325212999999896e-02,5.183377022999999771e-03,7.948249644999999530e-01,6.065402157000000516e-01
7.102364921999999581e+00,-5.133460314999999952e+01,7.907820867000000531e-01,-2.342441941000000111e-02,1.049110342999999904e-02,7.959958945999999758e-01,6.047576118999999917e-01
7.077650435999999878e+00,-5.121746679000000313e+01,7.968252355999999592e-01,-2.514938161000000033e-02,1.457262363999999900e-02,8.030303983000000034e-01,5.952288019000000485e-01
7.049817950999999638e+00,-5.109826263000000068e+01,7.855976552000000224e-01,-2.029318977999999829e-02,1.896475029999999951e-02,8.028261850999999227e-01,5.955658160000000256e-01
7.017656580999999782e+00,-5.098426880000000239e+01,7.710358952000000432e-01,-1.391695289000000058e-02,2.566147096999999919e-02,8.008509872000000307e-01,5.981517397000000180e-01
6.979381897999999751e+00,-5.086935196999999675e+01,7.659508645000000504e-01,-1.343062442000000044e-02,3.091071521999999572e-02,7.977208054000000104e-01,6.020844314000000086e-01
6.941648623999999934e+00,-5.075250814000000332e+01,7.708116009000000046e-01,-1.884925798999999985e-02,3.333382476999999927e-02,7.874124747999999840e-01,6.152358541000000347e-01
6.904436615999999916e+00,-5.063812335000000076e+01,7.779125970000000390e-01,-2.150535536999999969e-02,3.271102798000000145e-02,7.845698290999999491e-01,6.188034353000000376e-01
6.871706320000000368e+00,-5.052266256000000055e+01,7.733723214000000068e-01,-1.969516889999999715e-02,3.512289459000000197e-02,7.893821184999999518e-01,6.125800794000000327e-01
6.840163368999999882e+00,-5.040540144999999939e+01,7.567535708000000527e-01,-1.767020055000000089e-02,3.339280457999999757e-02,7.939840137000000464e-01,6.067636036000000344e-01
6.809958954999999925e+00,-5.028623120999999685e+01,7.438060596000000135e-01,-1.960650988999999844e-02,3.126045144999999720e-02,8.009916726000000375e-01,5.975372033000000416e-01
6.784217828000000061e+00,-5.016831265999999800e+01,7.478653976000000370e-01,-2.484474212000000251e-02,2.857286654999999925e-02,8.132045854999999657e-01,5.807448943000000918e-01
6.754951282000000390e+00,-5.005387675000000058e+01,7.640368613000000364e-01,-3.139218958000000032e-02,2.846081901999999997e-02,8.161219668000000427e-01,5.763240820999999681e-01
6.723373311999999657e+00,-4.994378025000000321e+01,7.736238788000000532e-01,-3.291022318000000335e-02,2.305639387000000054e-02,8.177418851000001210e-01,5.741807462000000362e-01
6.690261490000000144e+00,-4.983149671000000325e+01,7.698489125999999905e-01,-3.019795034999999891e-02,1.942258641000000133e-02,8.166640713999999690e-01,5.759953483999999957e-01
6.655510916999999971e+00,-4.971791497000000248e+01,7.589860783999999860e-01,-2.373081479000000230e-02,1.811333329000000200e-02,8.117217876000000221e-01,5.832808028999999506e-01
6.617367239000000012e+00,-4.960892678999999816e+01,7.543889338000000500e-01,-1.874425030000000103e-02,1.706330244000000065e-02,8.037660980999999927e-01,5.944052121999999772e-01
6.576989499999999822e+00,-4.949360317000000009e+01,7.635583868999999968e-01,-1.923531649000000121e-02,1.925528417999999853e-02,7.980165475999998481e-01,6.020206195999999732e-01
6.539974573000000291e+00,-4.938152836999999806e+01,7.755211690000000102e-01,-2.466456087999999505e-02,2.009619320999999487e-02,7.859464938000000345e-01,6.174754337999999176e-01
6.505034642000000034e+00,-4.926711637999999738e+01,7.777475234999999820e-01,-2.674482052000000040e-02,2.326809889999999562e-02,7.870565336000000523e-01,6.158614478999998587e-01
6.472895451000000300e+00,-4.915305934999999948e+01,7.663248271000000500e-01,-2.195603293000000095e-02,2.450753937000000118e-02,7.852668379999999670e-01,6.182825455999999553e-01
6.444751727999999957e+00,-4.903755879999999934e+01,7.522371633000000113e-01,-1.466527756999999772e-02,2.384377497999999942e-02,7.884921670000000216e-01,6.144074434999999834e-01
6.418798759999999604e+00,-4.893094787999999795e+01,7.498280754999999687e-01,-4.091586337999999871e-03,1.946642931999999909e-02,7.939905657000000394e-01,6.076045578000000003e-01
6.390686654999999661e+00,-4.881581956000000133e+01,7.612524086999999939e-01,1.367365224000000132e-03,2.189840030999999979e-02,8.062019885000000219e-01,5.912334090999999958e-01
6.358857801000000087e+00,-4.870070170999999704e+01,7.704329976999999552e-01,-2.692330884999999657e-03,2.731547797000000166e-02,8.000987587000000234e-01,5.992400123000000134e-01
6.320500370999999618e+00,-4.858511155000000059e+01,7.650390515999999641e-01,-5.564251563999999574e-03,2.541238349999999646e-02,8.050011685000000305e-01,5.927025970999999505e-01
6.282901893000000015e+00,-4.846617358000000308e+01,7.475356387999999574e-01,-3.458383489000000418e-03,2.482242118999999914e-02,7.980324643999999745e-01,6.020930764999999907e-01
6.242832770999999781e+00,-4.835228595000000240e+01,7.357973990999999714e-01,3.697859476000000221e-03,2.483533586999999918e-02,7.933976713999999486e-01,6.081855529999999899e-01
6.203819077000000348e+00,-4.823749285000000242e+01,7.430175817999999932e-01,9.806898716999998961e-03,2.567338194999999740e-02,7.871217556999999809e-01,6.161850728000000110e-01
6.166683926000000149e+00,-4.812259603999999769e+01,7.575733121000000070e-01,9.232039396999999759e-03,2.542972245000000089e-02,7.775741465000000074e-01,6.282089981000000822e-01
6.134214142000000258e+00,-4.800718135000000331e+01,7.623029006999999524e-01,9.839760394999999202e-03,2.918153785999999875e-02,7.790212134999999760e-01,6.262408210000000031e-01
6.104151811000000372e+00,-4.788704977999999812e+01,7.500280333000000077e-01,1.332680727999999842e-02,3.127040060999999871e-02,7.777090144999998511e-01,6.277047451999998584e-01
6.077288550999999650e+00,-4.776644628999999753e+01,7.322541980000000228e-01,1.469125165000000240e-02,2.748724728999999908e-02,7.804266237000001549e-01,6.244700979999999735e-01
6.049266206999999618e+00,-4.764286235000000147e+01,7.232948613999999887e-01,8.435252047000000100e-03,2.361412996000000070e-02,7.824964735999999643e-01,6.221498921000001570e-01
6.019656250999999791e+00,-4.751948366999999962e+01,7.335794808000000167e-01,-3.044959037000000580e-03,2.239231245000000009e-02,7.875144994000000676e-01,6.158816654000000002e-01
5.987448964999999568e+00,-4.739422864000000146e+01,7.471938014000000239e-01,-1.450003021999999968e-02,1.951514230999999711e-02,7.884353914999998603e-01,6.146369185999999152e-01
5.952791344000000429e+00,-4.727480184000000207e+01,7.453985283999999822e-01,-2.001450670000000029e-02,1.475396380999999778e-02,7.884222696999999558e-01,6.146316496999999490e-01
5.918979689000000377e+00,-4.715615669000000310e+01,7.326061239000000169e-01,-1.542986737999999837e-02,1.393973199999999982e-02,7.934616796999999222e-01,6.082648814000000126e-01
5.884440524000000394e+00,-4.703716002000000174e+01,7.233590858999999762e-01,-9.052914959999998346e-03,1.643379546999999830e-02,7.866820699000000028e-01,6.170731690999999852e-01
5.850563896999999791e+00,-4.692109127999999885e+01,7.314869764000000441e-01,-4.735630985999999751e-03,1.529458820000000052e-02,7.819995669999998400e-01,6.230732915000000149e-01
5.813274398999999981e+00,-4.680210604999999902e+01,7.520464110000000257e-01,-6.941653013000001135e-03,1.138132434999999942e-02,7.693746455000000095e-01,6.386586990000000519e-01
5.778920062000000080e+00,-4.668713117000000068e+01,7.677928289000000017e-01,-1.329755137999999969e-02,1.133519958999999917e-02,7.726338568999999712e-01,6.346113863000000244e-01
5.751158646000000374e+00,-4.656272489999999920e+01,7.640067548000000208e-01,-1.379387266000000126e-02,1.328354238000000256e-02,7.695696600000000442e-01,6.382756575000000376e-01
5.728885517000000149e+00,-4.644026717999999931e+01,7.473803271000000192e-01,-1.024242009999999994e-02,1.247546480999999971e-02,7.732012239000000120e-01,6.339553005000000407e-01
5.707194262999999879e+00,-4.631514299999999906e+01,7.353483991999999470e-01,-1.036991599000000076e-02,8.565826558000000715e-03,7.753976155999999786e-01,6.313300478000000160e-01
5.688660239999999924e+00,-4.619251754999999804e+01,7.414472922000000521e-01,-1.438228452000000178e-02,4.367321730000000082e-03,7.804499164000001654e-01,6.250376023999999475e-01
5.668927886999999721e+00,-4.606913586999999666e+01,7.565132017000000264e-01,-1.865322297999999837e-02,6.922958715999999631e-03,7.815688933000000116e-01,6.235015598000001047e-01
5.653684045000000324e+00,-4.594838930000000232e+01,7.618124133000000464e-01,-1.857314540999999500e-02,1.074634460999999812e-02,7.827672706999999619e-01,6.219444944999998892e-01
5.638026713000000356e+00,-4.582801909999999879e+01,7.502437843000000495e-01,-1.037241494000000139e-02,1.379958591999999942e-02,7.825296012000001467e-01,6.223740094000000944e-01
5.617073269999999674e+00,-4.570614112999999890e+01,7.325079282999999997e-01,9.230738559999999981e-04,1.500437360999999983e-02,7.769422119000000126e-01,6.293924182000000256e-01
5.595383372999999771e+00,-4.558602367000000299e+01,7.273156358000000266e-01,8.433117857999999564e-03,1.660854285000000138e-02,7.743737274999998865e-01,6.324542426999999467e-01
5.570418268000000062e+00,-4.545910625999999866e+01,7.392434960999999527e-01,2.572565279999999930e-03,1.763646047000000036e-02,7.572444502999999827e-01,6.528883362999999829e-01
5.547995285999999915e+00,-4.533243648999999920e+01,7.495845534999999726e-01,-6.800555905999998776e-03,2.324974899999999664e-02,7.542622597999999456e-01,6.561262416999998903e-01
5.530998197999999810e+00,-4.519888320999999820e+01,7.470839830000000070e-01,-7.337338982000000953e-03,3.070987579000000398e-02,7.510520242000000568e-01,6.594876223000000204e-01
5.518388107999999903e+00,-4.506865187999999733e+01,7.314154735000000240e-01,-8.791157859000000001e-04,3.325177146999999667e-02,7.491480621999999645e-01,6.615668731999999608e-01
5.508093764999999919e+00,-4.493739730000000066e+01,7.183329010000000237e-01,3.440013744000000075e-03,3.220781190000000099e-02,7.547516256999999840e-01,6.552105056999999455e-01
5.498209411000000379e+00,-4.480469355000000320e+01,7.246543202999999878e-01,-3.803451182999999930e-03,3.717410003999999796e-02,7.524539246000001569e-01,6.575839957000000346e-01
5.482735394999999734e+00,-4.467313725000000346e+01,7.434813625999999731e-01,-7.656553586999999793e-03,3.808903123000000057e-02,7.578797267000000337e-01,6.512364568999998715e-01
5.466643359999999952e+00,-4.454089384000000251e+01,7.531981406000000101e-01,-1.079844540000000040e-02,3.800616424000000104e-02,7.552269512000000518e-01,6.542714859000000605e-01
5.448204894999999937e+00,-4.441376010999999835e+01,7.474783331000000031e-01,-6.314866006999999247e-03,3.399717057999999958e-02,7.531400901999999453e-01,6.569507740000000151e-01
5.428220656999999782e+00,-4.428448060000000197e+01,7.354555542999999806e-01,3.477294110999999796e-04,3.093478409000000387e-02,7.481299503999999656e-01,6.628306688999999752e-01
5.407085619000000065e+00,-4.415868934000000223e+01,7.340695954000000523e-01,8.694891075000002467e-03,2.895654827000000014e-02,7.425443172000000258e-01,6.691142310000000037e-01
5.388110124999999861e+00,-4.402876870000000054e+01,7.505879188999999840e-01,1.076371575999999879e-02,3.229353823000000179e-02,7.372549043999999663e-01,6.747566047999999927e-01
5.374985096999999712e+00,-4.389489515999999725e+01,7.677731468999999809e-01,7.504982813000000107e-03,3.944146493000000309e-02,7.237479853999999602e-01,6.888954200000000361e-01
5.365303117999999927e+00,-4.375746157999999753e+01,7.688541180000000308e-01,9.513284957000000402e-03,4.472479036000000241e-02,7.255538252000000021e-01,6.866446221999999988e-01
5.358587325000000234e+00,-4.362425103000000348e+01,7.549624312999999587e-01,1.530738094000000209e-02,4.306993449999999696e-02,7.184295020000001086e-01,6.940963301000000474e-01
5.349976355999999988e+00,-4.349415839000000261e+01,7.432323647999999894e-01,1.724400835999999673e-02,3.739949625999999111e-02,7.217246025999999315e-01,6.909540648999998869e-01
5.340150198999999986e+00,-4.336430725000000308e+01,7.486656774000000070e-01,1.298738357000000024e-02,3.683976624000000200e-02,7.302960686999999673e-01,6.820130582000000219e-01
5.329272420999999760e+00,-4.323541036999999676e+01,7.633859242999999628e-01,9.524904565000000614e-03,3.546218987000000072e-02,7.259082387999998831e-01,6.868107004000000293e-01
5.316295430000000266e+00,-4.311086139999999745e+01,7.679039496999999770e-01,8.896938462000000825e-03,2.997155061000000495e-02,7.226231856999999481e-01,6.905347798000001092e-01
5.297754771000000140e+00,-4.298704292000000038e+01,7.577772662999999742e-01,1.303956570000000190e-02,2.198518844000000097e-02,7.169695745999999925e-01,6.966356654000001036e-01
5.278444429000000326e+00,-4.286501213999999749e+01,7.488329407999999576e-01,1.858107050999999871e-02,1.835448275999999879e-02,7.062104066000001179e-01,7.075201186999999781e-01
5.264923910000000262e+00,-4.274085433999999850e+01,7.553210886000000235e-01,2.343595194000000145e-02,2.014021480000000031e-02,6.882123007000000570e-01,7.248509896000000507e-01
5.254614497000000384e+00,-4.261774144000000319e+01,7.719198529999999892e-01,1.767742594000000153e-02,2.277052937000000055e-02,6.709273110000000262e-01,7.409625868000000448e-01
5.247838816999999878e+00,-4.249193814000000202e+01,7.808599328999999978e-01,1.133558504999999939e-02,2.493293751000000280e-02,6.617248896999999852e-01,7.492463035999999965e-01
5.242543009000000254e+00,-4.236274302000000347e+01,7.699990443999999989e-01,8.647148545000000325e-03,2.801180067000000329e-02,6.572266824000000396e-01,7.531226021000000381e-01
5.243199370000000137e+00,-4.223038918000000308e+01,7.506141388000000525e-01,8.027056716999998731e-03,2.894278581999999711e-02,6.650586405999998618e-01,7.461868975999998987e-01
5.247028181000000124e+00,-4.210394544999999766e+01,7.422166830999999965e-01,7.736502769000000099e-03,2.654699141000000165e-02,6.655146060000000086e-01,7.458724508999999836e-01
5.251948690999999947e+00,-4.197820674999999824e+01,7.537424906999999896e-01,8.759655709000000942e-03,3.041603647000000465e-02,6.764588692999999875e-01,7.357999262000001206e-01
5.259196174999999585e+00,-4.185099072999999947e+01,7.690319948999999600e-01,4.230182901999999731e-03,3.596107970000000237e-02,6.733733187999999537e-01,7.384153843999999856e-01
5.267594149999999864e+00,-4.172294569999999680e+01,7.706392653000000426e-01,-7.198884658000000419e-04,3.547853562000000127e-02,6.679314455999999511e-01,7.433763105999999787e-01
5.277610526000000135e+00,-4.159585269000000096e+01,7.542595114000000267e-01,3.145910991999999965e-03,3.220116603999999966e-02,6.633602212000000442e-01,7.476004313999999873e-01
5.290809277000000144e+00,-4.147076767000000075e+01,7.414383786999999559e-01,1.046832110999999961e-02,3.246114607999999596e-02,6.515896419000000162e-01,7.578044779999999481e-01
5.303999723999999638e+00,-4.134497618000000330e+01,7.454500673999999716e-01,1.680222912000000138e-02,3.397272301999999800e-02,6.415051296999999542e-01,7.661819024999999561e-01
5.323536576999999603e+00,-4.121935163999999929e+01,7.596122950999999457e-01,1.290850749000000026e-02,3.558876055000000094e-02,6.204488215000000251e-01,7.833326691000001007e-01
5.344733036000000048e+00,-4.109364457000000215e+01,7.681939652999999479e-01,4.112439843000000386e-03,3.573018123999999879e-02,6.115501856999999708e-01,7.903877608000000610e-01
5.374490277999999677e+00,-4.096812366999999711e+01,7.547266916999999520e-01,-6.097804990000000452e-04,3.081549870999999996e-02,5.953955558000000314e-01,8.028413076999999509e-01
5.408002442999999992e+00,-4.084842206999999803e+01,7.354471399999999992e-01,-3.661271819000000427e-03,2.342781165000000151e-02,5.937738434999999537e-01,8.042825098000000450e-01
5.440962846999999769e+00,-4.072960188999999787e+01,7.292468801000000500e-01,-5.685022789999999958e-03,1.515972053000000028e-02,5.978230226999999841e-01,8.014645948999999936e-01
5.477958376000000129e+00,-4.061117472000000106e+01,7.425843094999999838e-01,-1.341366689000000022e-02,1.539048665000000010e-02,5.918496977999999631e-01,8.057897627000000229e-01
5.517711768999999933e+00,-4.049404640000000200e+01,7.568605004999999775e-01,-2.020911063000000243e-02,1.843560922000000296e-02,5.822573653000000515e-01,8.125442023000000180e-01
5.559909773000000222e+00,-4.037702894000000242e+01,7.540820351000000477e-01,-1.806245865999999908e-02,2.079467252000000502e-02,5.804239048999999540e-01,8.138485238999999538e-01
5.602284301000000077e+00,-4.025876891000000057e+01,7.378945287000000519e-01,-5.946973605999999676e-03,2.321162758999999881e-02,5.781828104999999773e-01,8.155553269999999966e-01
5.644078217999999758e+00,-4.014190458000000206e+01,7.302518604000000080e-01,5.171457045999998912e-03,2.425538384999999936e-02,5.667083688999998703e-01,8.235451153999998608e-01
5.686620057999999922e+00,-4.002011214000000194e+01,7.387997578999999648e-01,1.043919647999999936e-02,2.231766333000000102e-02,5.465952163999999724e-01,8.370344166000001085e-01
5.724658963000000433e+00,-3.990216731000000294e+01,7.532126339000000392e-01,4.849093298999999739e-03,2.219378676000000050e-02,5.206912333000000004e-01,8.534427700000000172e-01
5.764349312000000225e+00,-3.978339770000000186e+01,7.601887924000000352e-01,-2.916279238999999941e-04,2.744194749000000016e-02,5.265497816999999969e-01,8.497012309999999458e-01
5.810628577000000128e+00,-3.965953816999999759e+01,7.530850073999999506e-01,1.162195217999999978e-03,3.066830145000000105e-02,5.176442633000000182e-01,8.550453328999999547e-01
5.857029369000000152e+00,-3.954343400999999858e+01,7.385671059999999732e-01,3.711713322999999742e-03,2.721592021999999847e-02,5.216141064999999521e-01,8.527392571999999893e-01
5.907747816999999735e+00,-3.942338300000000118e+01,7.334165311000000465e-01,1.055561841000000108e-03,2.613496687999999901e-02,5.283841837999999624e-01,8.486023824999999743e-01
5.952924821999999949e+00,-3.930533867999999842e+01,7.463111203000000193e-01,-5.662795285000000144e-03,3.193296969000000013e-02,5.302712963000000279e-01,8.472075132000000952e-01
5.997738917000000392e+00,-3.918332854999999881e+01,7.594667671999999481e-01,-1.123364188000000076e-02,3.565211718999999196e-02,5.365184526999999814e-01,8.430603072999999226e-01
6.038611431999999724e+00,-3.906214173000000045e+01,7.557997284999999899e-01,-1.052168799000000043e-02,3.143815556000000011e-02,5.311510293000000216e-01,8.466283249000000621e-01
6.075993700999999803e+00,-3.894118719000000084e+01,7.422274363999999958e-01,-1.432620851999999965e-03,2.716527666000000465e-02,5.333628297000001517e-01,8.454490447000001518e-01
6.112453945999999583e+00,-3.882362487000000328e+01,7.362958670999999455e-01,9.086540714000000338e-03,2.502974650999999912e-02,5.238896147000000614e-01,8.513698481000001594e-01
6.152056501999999760e+00,-3.869921759000000350e+01,7.454962745000000002e-01,1.611280478000000349e-02,2.113848708000000062e-02,5.030508163000000366e-01,8.638480294999999476e-01
6.191536405999999992e+00,-3.857804141999999814e+01,7.567247396999999820e-01,8.450091798999997961e-03,2.222737949000000088e-02,4.867036751000000105e-01,8.732434208999998448e-01
6.243101174000000420e+00,-3.845277118999999999e+01,7.582242646000000308e-01,4.002759029000000149e-03,3.176165634999999349e-02,4.897368575000000113e-01,8.712823799000000147e-01
6.297996735999999984e+00,-3.832819549999999964e+01,7.450529556999999636e-01,6.819628648000000334e-03,3.770602778999999904e-02,4.815115601000000134e-01,8.756017163000001657e-01
6.359812173999999985e+00,-3.820432762000000082e+01,7.257130241000000481e-01,1.281075716999999746e-02,3.873386090000000004e-02,4.892505791999999798e-01,8.711885233999999700e-01
6.414994649999999687e+00,-3.808658701000000235e+01,7.186834927999999900e-01,1.575441106000000091e-02,3.455013607000000098e-02,4.868607319000000100e-01,8.726538342000000892e-01
6.477179614999999835e+00,-3.796840717999999981e+01,7.253969019999999546e-01,1.380427704999999915e-02,4.192757706999999945e-02,4.959358380999999705e-01,8.672365102000000325e-01
6.540573516000000254e+00,-3.784588612000000296e+01,7.325669903999999510e-01,4.106550153999999862e-03,5.212075205999999739e-02,4.875306415999999810e-01,8.715391195999999674e-01
6.603377594000000350e+00,-3.771892998999999946e+01,7.227909804000000049e-01,-4.987473477000000342e-03,5.477651664999999559e-02,4.808988496000000112e-01,8.750491155999998716e-01
6.662046530999999661e+00,-3.759654039000000125e+01,6.984187515999999984e-01,-3.234267264000000551e-03,5.406835529999999557e-02,4.761972627000000124e-01,8.776686843000000016e-01
6.719747273000000298e+00,-3.748032510000000173e+01,6.822970173000000305e-01,4.656436017999999837e-03,5.502848782000000633e-02,4.714187529000000154e-01,8.801786992000000254e-01
6.780796760000000312e+00,-3.735504685000000080e+01,6.879578275000000076e-01,8.031043519999999519e-03,5.693720013999999108e-02,4.548634965999999169e-01,8.887029070999998837e-01
6.844103070000000066e+00,-3.723655764000000090e+01,7.051215123999999834e-01,2.932007701000000164e-03,6.122145746000001026e-02,4.427944510999999861e-01,8.945258021000001003e-01
6.911517522999999663e+00,-3.711396171999999893e+01,7.169001289999999971e-01,-1.314839489999999932e-03,6.770829927999999498e-02,4.459797576000000263e-01,8.924774021000001500e-01
6.988270549000000109e+00,-3.699044062000000110e+01,7.173594755000000101e-01,-1.893998329999999801e-03,6.985004714999999698e-02,4.314868205999999318e-01,8.994089766999999735e-01
7.065638107999999917e+00,-3.687221977000000095e+01,7.130770379999999964e-01,-2.460139389000000148e-04,6.587321788000000122e-02,4.378589896000000259e-01,8.966271040999999054e-01
7.149964461999999799e+00,-3.675307525000000197e+01,7.152139365999999887e-01,4.634209799999999650e-03,5.692290037000000136e-02,4.438651847000000816e-01,8.942717736999999945e-01
7.227810398999999997e+00,-3.664159069000000102e+01,7.335437850999999565e-01,7.950834707999999279e-03,4.652009524000000340e-02,4.496443625000000055e-01,8.919599835999999504e-01
7.309010395999999687e+00,-3.651936526000000072e+01,7.596177629000000486e-01,6.819918236999998953e-03,4.910198770000000212e-02,4.595347958000000066e-01,8.867751997999999691e-01
7.386284328000000343e+00,-3.639866542000000038e+01,7.719128505000000251e-01,2.630075856999999993e-03,5.086291694000000252e-02,4.585256533999999551e-01,8.872205314999999093e-01
7.461978341000000015e+00,-3.627344209999999691e+01,7.620082826999999837e-01,1.570766926999999898e-03,4.641413389000000056e-02,4.576213794999999807e-01,8.879335189000000517e-01
7.526175503000000155e+00,-3.614641624000000064e+01,7.474045595999999625e-01,3.296805939000000026e-03,3.965943540999999906e-02,4.536787770999999858e-01,8.902762646999998752e-01
7.592809524999999837e+00,-3.601991684000000049e+01,7.413237915999999483e-01,9.916344055000001628e-03,3.328100024999999795e-02,4.479001048999999846e-01,8.934089416999999589e-01
7.660740522000000219e+00,-3.589937948000000034e+01,7.493629654000000251e-01,1.020123666999999887e-02,3.684962107999999875e-02,4.344553523999999944e-01,8.998814294000000436e-01
7.727071410999999834e+00,-3.578220894999999757e+01,7.628791785999999853e-01,2.563105181000000128e-03,4.276264999999999927e-02,4.408198536999999861e-01,8.965727202999999035e-01
7.804058978999999674e+00,-3.566929060999999734e+01,7.632881914000000378e-01,2.327873256000000113e-03,4.586730723000000121e-02,4.283153095000000188e-01,9.024615043000001613e-01
7.876994519000000139e+00,-3.556434990999999712e+01,7.495213791999999486e-01,9.343276144000000477e-03,4.167431684999999691e-02,4.392787665999999813e-01,8.973350098000000274e-01
7.950464410999999565e+00,-3.545566688000000255e+01,7.370201452000000319e-01,1.129730722000000034e-02,3.229864361999999767e-02,4.391300938000000098e-01,8.977716464999999646e-01
8.020095840999999837e+00,-3.535203942999999782e+01,7.399417620999999556e-01,1.219671695000000035e-02,2.221695661000000141e-02,4.423580578999999902e-01,8.964803375000000019e-01
8.091698810000000464e+00,-3.524622087000000192e+01,7.514149535999999907e-01,8.386211548999999293e-03,2.846629427000000462e-02,4.466868447000000297e-01,8.941980789000000263e-01
8.162469037999999344e+00,-3.513753322000000168e+01,7.569975088000000518e-01,7.135094387999999996e-03,3.550010819999999817e-02,4.483108079999999496e-01,8.931440266000001404e-01
8.232600058999999248e+00,-3.502976292999999686e+01,7.460475718000000311e-01,1.262746562999999926e-02,2.869254972999999917e-02,4.455414066999999756e-01,8.947123222999999737e-01
8.293194575999999429e+00,-3.492338211999999942e+01,7.212892868000000401e-01,2.405668363999999629e-02,1.748347228999999961e-02,4.454365196999999776e-01,8.948194851999999866e-01
8.351491434999999797e+00,-3.481141322999999943e+01,7.003261531000000151e-01,3.243997683000000160e-02,1.202197535999999928e-02,4.399066649000000218e-01,8.973768696000000711e-01
8.409429047999999796e+00,-3.469837609999999728e+01,6.878945378999999916e-01,3.196271425000000305e-02,1.006763169999999943e-02,4.295418557999999831e-01,9.024249673999999999e-01
8.466597582000000344e+00,-3.459347504000000129e+01,6.870322963999999644e-01,2.304680334000000150e-02,1.419666922000000116e-02,4.294338685999999905e-01,9.026925567000001482e-01
8.529034328999999914e+00,-3.448950101999999873e+01,6.904574061999999568e-01,1.908085204999999951e-02,2.098487527999999894e-02,4.315308196000000041e-01,9.016522099999999540e-01
8.590305970999999374e+00,-3.438993019000000118e+01,6.827974635000000347e-01,1.806092763999999837e-02,2.177165169999999844e-02,4.276804061000000212e-01,9.034872818000000416e-01
8.653834463999999116e+00,-3.429332748000000208e+01,6.660508903999999841e-01,1.811419557999999902e-02,1.937628602000000463e-02,4.359473929000000081e-01,8.995811836999999533e-01
8.719278640000000635e+00,-3.420292511000000246e+01,6.584764136999999851e-01,1.869421363999999863e-02,1.461352655000000035e-02,4.385180331999999348e-01,8.984090970999999426e-01
8.788081890999999146e+00,-3.410948512000000221e+01,6.610807308999999687e-01,1.743121138999999958e-02,1.220360441000000080e-02,4.286419886999999207e-01,9.032238207999999657e-01
8.853089457999999468e+00,-3.402578773999999839e+01,6.619590683999999614e-01,1.925501426000000155e-02,1.526848289999999976e-02,4.494533561999999871e-01,8.929657319999999565e-01
8.925131092999999183e+00,-3.392925501999999938e+01,6.597842233999999806e-01,1.556499193000000260e-02,2.577152008000000230e-02,4.447691809000000052e-01,8.951390593000001505e-01
8.992841655999999517e+00,-3.384014307000000343e+01,6.455845835000000310e-01,1.005955449000000071e-02,3.014425470999999510e-02,4.424071761000000214e-01,8.962510918999999632e-01
9.055582911000000124e+00,-3.374547651999999687e+01,6.245579760999999674e-01,8.522207925000000600e-03,3.009258718000000152e-02,4.475883016000000159e-01,8.936926320000000423e-01
9.118904755999999168e+00,-3.364775080999999801e+01,6.045657388999999826e-01,1.169405461999999986e-02,2.857141271999999801e-02,4.438168651999999659e-01,8.955855702999999668e-01
9.174133362999999264e+00,-3.355109539000000041e+01,5.917847560000000229e-01,1.034871910999999797e-02,2.718008610999999783e-02,4.497959844999999679e-01,8.926576718999998938e-01
9.229727837000000434e+00,-3.344809834000000137e+01,5.881621047999999741e-01,-2.992879660999999900e-03,2.903338013999999523e-02,4.454201678999999969e-01,8.948457853000000295e-01
9.280270972000000285e+00,-3.334919571999999732e+01,5.860761319999999719e-01,-1.330948409999999950e-02,2.709037056000000027e-02,4.471652363999999991e-01,8.939419561000001568e-01
9.331013324000000608e+00,-3.324706663999999989e+01,5.792844260999999717e-01,-1.471736746000000193e-02,2.680432543000000473e-02,4.563924569999999736e-01,8.892529743999999514e-01
9.382039597000000342e+00,-3.314856436000000173e+01,5.691173242999999493e-01,-1.150064146000000058e-02,2.554301812000000019e-02,4.609723493000000283e-01,8.869722557999999424e-01
9.434576948000000129e+00,-3.304723664000000127e+01,5.594498458000000118e-01,-7.301399501999998945e-03,1.924502763000000144e-02,4.653962398000000000e-01,8.848630733000000248e-01
9.481723571999999933e+00,-3.294764213999999924e+01,5.486616909999999514e-01,-3.364452525000000051e-03,1.440400724999999806e-02,4.678810746000000020e-01,8.836676439999998633e-01
9.532390632000000252e+00,-3.284067436000000129e+01,5.332791878000000541e-01,-4.996249240000000258e-03,2.126814285000000124e-02,4.714454721999999931e-01,8.816245631000000360e-01
9.581278449999999225e+00,-3.273046126999999927e+01,5.201783645999999983e-01,-1.111198998999999958e-02,3.220983404000000300e-02,4.781374393999999750e-01,8.776238598000001279e-01
9.628713249000000474e+00,-3.261699802999999775e+01,5.098506121000000446e-01,-1.655397025000000105e-02,3.878287158000000290e-02,4.817305462000000538e-01,8.753042533000000569e-01
9.672195384000000118e+00,-3.249976009000000232e+01,5.022097001999999977e-01,-1.676196188999999961e-02,4.185619928000000600e-02,4.778064978000000629e-01,8.773072699999999724e-01
9.717693167000000187e+00,-3.237710020000000100e+01,4.990584557000000143e-01,-1.031383637000000096e-02,4.477913258999999258e-02,4.779309452000000125e-01,8.771946565999999557e-01
9.765475599000000173e+00,-3.225953281999999689e+01,4.999931423000000263e-01,-3.425036277999999983e-03,4.160122968999999810e-02,4.694015823000000087e-01,8.819975971000000303e-01
9.816534575000000373e+00,-3.214437337999999755e+01,5.020177742000000443e-01,-9.104718183000000062e-03,4.104147461999999719e-02,4.551595265999999751e-01,8.894169477000000157e-01
9.871289041000000708e+00,-3.203147154999999913e+01,5.032726503000000129e-01,-1.004733086000000018e-02,4.133334016000000249e-02,4.591138593999999351e-01,8.873584789999998668e-01
9.930793514999999516e+00,-3.191809329000000162e+01,5.004055298999999790e-01,-4.762135393999999099e-03,4.024774488999999927e-02,4.514505495999999174e-01,8.913752533999999006e-01
9.990226231999999484e+00,-3.180598445000000041e+01,4.931203738000000114e-01,1.732150537000000032e-03,3.552623471000000699e-02,4.623799954999999740e-01,8.859681857000001326e-01
1.005784569000000062e+01,-3.169034231999999918e+01,4.874154493999999782e-01,3.729134976999999834e-03,2.870989356999999534e-02,4.596864753000000081e-01,8.876092495999999832e-01
1.011938804000000047e+01,-3.157021021999999988e+01,4.838740739999999874e-01,-2.006887234000000100e-03,2.825578725000000083e-02,4.584567277000000107e-01,8.882651697000000235e-01
1.018187507000000025e+01,-3.145098652000000072e+01,4.772393372000000022e-01,-7.125377272999999789e-03,3.232642956000000151e-02,4.640726935999999747e-01,8.851783809000000058e-01
1.024438377000000067e+01,-3.133236627999999868e+01,4.675075076999999912e-01,-8.214912531000000476e-03,3.715788193999999822e-02,4.606153528000000441e-01,8.867836849000000354e-01
1.031156572000000082e+01,-3.121538074000000051e+01,4.565524584000000274e-01,-4.045369771000000871e-03,3.532990284999999731e-02,4.541167280000000805e-01,8.902322338999999474e-01
1.037518969999999996e+01,-3.110352827000000175e+01,4.504504690000000200e-01,4.918713919000000136e-03,3.053212241999999840e-02,4.440992680999999997e-01,8.954437089000000238e-01
1.043655835000000032e+01,-3.099893193000000124e+01,4.500971678999999837e-01,1.099566468000000123e-02,3.247423993000000259e-02,4.353067863000000814e-01,8.996291018000001083e-01
1.049559806000000073e+01,-3.089646532000000079e+01,4.560692324999999769e-01,1.204322696999999762e-02,3.519988963000000165e-02,4.443334973999999438e-01,8.950886388999998999e-01
1.056105969999999949e+01,-3.079805427999999878e+01,4.619652544999999777e-01,7.433219824000000635e-03,3.681854039000000134e-02,4.347492848999999215e-01,8.997678598999998556e-01
1.062271637999999996e+01,-3.070195069000000032e+01,4.677016654000000218e-01,3.924099716000000078e-03,3.660763909999999871e-02,4.373285394999999465e-01,8.985478454999998865e-01
1.068046484999999990e+01,-3.060474513999999857e+01,4.793297152000000061e-01,4.249891886999999924e-03,3.066357754000000047e-02,4.484801881000000101e-01,8.932565165000000418e-01
1.074472663000000061e+01,-3.050575758000000093e+01,4.913829610000000070e-01,-1.157692605000000064e-03,2.708940424000000000e-02,4.374965907999999182e-01,8.988111909999999538e-01
1.080319377000000003e+01,-3.040029595000000029e+01,5.052338259999999970e-01,-7.553636078999999108e-03,3.202119114000000211e-02,4.406916953000000192e-01,8.970554138999998761e-01
1.085819058999999953e+01,-3.029332950999999952e+01,5.162714626000000084e-01,-7.298152900000000332e-03,4.147050354000000189e-02,4.525707196000000043e-01,8.907337862999999967e-01
1.090686299000000048e+01,-3.018421511000000024e+01,5.262537005999999851e-01,-8.308808432999999563e-03,4.476606302000001036e-02,4.503211988999999971e-01,8.917049855000001024e-01
1.095226805000000070e+01,-3.007593211000000011e+01,5.364481106999999804e-01,-1.533991493999999935e-03,3.854305001999999702e-02,4.404890694999999412e-01,8.969289045999998544e-01
1.099248811000000003e+01,-2.996671582999999828e+01,5.474608915999999992e-01,7.991817426999999613e-03,3.412001810999999718e-02,4.275821139000000048e-01,9.032970115999999772e-01
1.102928376000000021e+01,-2.986255927999999926e+01,5.621067723999999544e-01,1.271524418000000156e-02,3.560684482000000400e-02,4.332591023999999846e-01,9.004759993000001073e-01
1.107128814000000006e+01,-2.976281059000000084e+01,5.819501841999999980e-01,1.458591182000000194e-02,4.015098154999999919e-02,4.377978820999999798e-01,8.980579961000000333e-01
1.111335150000000027e+01,-2.965809404999999899e+01,6.019021003000000203e-01,1.188893063000000076e-02,4.395147264999998971e-02,4.314407141000000112e-01,9.009915823999999906e-01
1.116115938000000085e+01,-2.955242008000000098e+01,6.146255420999999775e-01,7.481701026000000219e-03,3.981174459000000332e-02,4.264042158999999943e-01,9.036251954000000808e-01
1.120481904999999934e+01,-2.944453844999999959e+01,6.263473775000000243e-01,6.250952155000000406e-03,3.147984248999999984e-02,4.333549704000000391e-01,9.006516611999999533e-01
1.124515172000000085e+01,-2.934247453000000050e+01,6.412276983000000374e-01,1.069331968000000049e-02,2.449257778000000010e-02,4.388083762000000720e-01,8.981831526000000343e-01
1.128435924000000057e+01,-2.923656636000000120e+01,6.598503425999999727e-01,1.370628682000000001e-02,2.664389150999999650e-02,4.413839496999999445e-01,8.968179579999999707e-01
1.131864896999999992e+01,-2.913102128999999962e+01,6.749840619000000430e-01,1.035719101000000079e-02,2.809404130000000069e-02,4.499345388000000057e-01,8.925594457999999065e-01
1.135328741999999913e+01,-2.901697705999999854e+01,6.792161353000000235e-01,9.893448790000000312e-04,2.566640854000000124e-02,4.429881038999999854e-01,8.961594704999999994e-01
1.138199099000000025e+01,-2.890243999000000130e+01,6.735119818999999453e-01,-2.032965025000000193e-03,2.069332783000000023e-02,4.394700353999999587e-01,8.980165595999999306e-01
1.140488228000000070e+01,-2.878859711999999860e+01,6.699575509999999845e-01,3.653403791000000254e-03,1.689299157999999898e-02,4.407543089000000025e-01,8.974613745000000753e-01
1.143262861999999913e+01,-2.868130838000000082e+01,6.758094586999999764e-01,8.041694368000000537e-03,2.073080912999999970e-02,4.406275264000000247e-01,8.974145906999999589e-01
1.146500701999999983e+01,-2.857074092999999948e+01,6.863410369000000344e-01,6.645657356999999351e-04,2.536298613000000091e-02,4.245112367000000164e-01,9.050671174999999069e-01
1.149653247000000000e+01,-2.846320715999999962e+01,6.940994094000000336e-01,-7.534506003999999826e-03,3.103390485000000198e-02,4.290117359999999769e-01,9.027342123999999579e-01
1.153272553999999950e+01,-2.835487982000000073e+01,6.907762908000000257e-01,-8.866121403000000803e-03,3.245357053999999714e-02,4.282675128000000275e-01,9.030255230000001632e-01
1.156936802999999969e+01,-2.824845897999999877e+01,6.801936360000000459e-01,-8.491889387000000483e-03,3.076795975000000405e-02,4.325835360999999990e-01,9.010286924999999503e-01
1.160357276999999954e+01,-2.814250670999999926e+01,6.726066428000000430e-01,-8.721480800000000477e-03,2.347647841000000124e-02,4.301221120000000009e-01,9.024232706999999465e-01
1.163709206000000052e+01,-2.804510464000000169e+01,6.768078688999999981e-01,-9.804356672999999661e-03,1.957541419999999852e-02,4.367750851000000156e-01,8.993042881999999683e-01
1.166652713999999946e+01,-2.794593289000000169e+01,6.882305041999999817e-01,-1.459370744999999997e-02,2.064686335000000261e-02,4.399001243000000283e-01,8.976907103000000276e-01
1.169327288999999936e+01,-2.784707995999999852e+01,6.939014255000000020e-01,-2.184407761999999573e-02,1.929352345999999982e-02,4.385464325999999802e-01,8.982358391000000442e-01
1.171876800999999979e+01,-2.774511694999999989e+01,6.832744675999999906e-01,-2.696193104000000479e-02,1.637744222000000333e-02,4.342139179000000238e-01,9.002572450000001503e-01
1.173953578000000064e+01,-2.764269748999999976e+01,6.590790700999999974e-01,-2.002925020000000111e-02,1.324985317000000259e-02,4.355528712999999774e-01,8.998427456000001046e-01
1.176162281999999948e+01,-2.754006989999999888e+01,6.337829419999999603e-01,-8.392199685999999353e-03,9.475136692999999721e-03,4.333063905000000826e-01,9.011577911999999468e-01
1.179035262000000017e+01,-2.743908607999999916e+01,6.194231720999999746e-01,1.717610825999999846e-04,7.260449368999999376e-03,4.096286224999999837e-01,9.122234638999999756e-01
1.181187764999999956e+01,-2.734154479000000038e+01,6.191043818000000476e-01,-1.034441262000000000e-02,1.544019978999999938e-02,4.099294250000000139e-01,9.119278808999999875e-01
1.184803832000000057e+01,-2.724720617999999916e+01,6.252914917999999878e-01,-1.226932901999999888e-02,2.135922947000000113e-02,4.211672540999999992e-01,9.066484384999999868e-01
1.189012020999999919e+01,-2.715341534999999951e+01,6.245655093999999963e-01,-6.950275622000000667e-03,2.265849141000000205e-02,4.022808371000000660e-01,9.152094922000001409e-01
1.193172610999999961e+01,-2.706053088000000173e+01,6.161522014000000436e-01,-1.961045965999999845e-03,1.960970386000000093e-02,4.303527603999999784e-01,9.024456302000000152e-01
1.197935821999999995e+01,-2.696715909999999994e+01,6.106264167999999604e-01,2.913188610999999442e-03,1.476893884000000066e-02,4.237747714000000276e-01,9.056424983999998846e-01
1.202916081000000048e+01,-2.687762017000000014e+01,6.138416062999999534e-01,6.130708835999999599e-03,1.046364093999999946e-02,4.253028325000000054e-01,9.049698488999999846e-01
1.207163556000000071e+01,-2.679178982999999903e+01,6.257382250999999895e-01,7.388359221999999706e-03,3.199666877999999843e-03,4.226160407999999813e-01,9.062730584000000533e-01
1.211279254999999999e+01,-2.670185920999999851e+01,6.341986743999999954e-01,7.879626762000000242e-03,3.070366885999999650e-03,4.304598593999999778e-01,9.025701045999998673e-01
1.215862452000000005e+01,-2.660665005999999977e+01,6.288673203000000322e-01,1.276060510999999995e-02,5.443693420999999935e-03,4.387773130000000021e-01,8.984887326999999591e-01
1.220401337999999924e+01,-2.650270541000000080e+01,6.142867016999999930e-01,1.686631670999999902e-02,8.176415827999999539e-03,4.330728830000000196e-01,9.011639981999999272e-01
1.224822430000000040e+01,-2.639262576000000138e+01,6.005734633000000544e-01,2.034299276999999850e-02,1.038151871000000080e-02,4.345918215999999279e-01,9.003379005999999629e-01
1.228941666000000055e+01,-2.628169577999999973e+01,5.961880601000000279e-01,2.435705570999999875e-02,1.367225398000000182e-02,4.305121566999999816e-01,9.021524739000000848e-01
1.233136273000000038e+01,-2.616909194000000127e+01,6.030421110999999446e-01,2.425104598000000014e-02,1.822807925999999842e-02,4.213124798999999809e-01,9.064079755999999710e-01
1.237426033999999930e+01,-2.605853369000000086e+01,6.124948585999999695e-01,1.754078237999999804e-02,2.469834842999999933e-02,4.218983311999999763e-01,9.061369161000000227e-01
1.242076699999999967e+01,-2.594680280000000039e+01,6.147752377999999851e-01,1.197001060000000248e-02,2.939971529000000305e-02,4.207098819000000267e-01,9.066397139000000882e-01
1.247383465999999963e+01,-2.583509292000000102e+01,6.005233915000000033e-01,9.894426741999999206e-03,2.923865122999999566e-02,4.151712969999999392e-01,9.092194431000000243e-01
1.252399270000000087e+01,-2.572344422000000108e+01,5.860947885999999718e-01,8.007555631000000049e-03,2.778649148999999541e-02,4.218801759999999401e-01,9.061903260999999432e-01
1.257956266999999961e+01,-2.561258567000000141e+01,5.829762111999999830e-01,8.104258873000000016e-03,2.873651614000000132e-02,4.194909108000000053e-01,9.072683778000000254e-01
1.263631115999999999e+01,-2.549803088000000173e+01,5.946433172999999739e-01,6.334786689999999214e-03,3.808431739999999788e-02,4.327685157000000227e-01,9.006780040999998738e-01
1.269069823000000063e+01,-2.538053272999999876e+01,6.059309652000000046e-01,3.462221870000000562e-03,4.715131875999999805e-02,4.441541223000000094e-01,8.947021189999999624e-01
1.274460426999999996e+01,-2.526634565000000165e+01,6.042045845000000304e-01,6.686522573999999740e-03,4.741681358000000152e-02,4.449067306999999749e-01,8.942957772000000860e-01
1.279578318000000081e+01,-2.514569652000000133e+01,5.958388542000000454e-01,1.446751322000000214e-02,4.317497574999999699e-02,4.435723953999999858e-01,8.950810815999999948e-01
1.284320716000000040e+01,-2.502666119999999950e+01,5.940045600000000148e-01,1.726132597999999879e-02,3.551050090999999936e-02,4.262895381000000317e-01,9.037246708000000739e-01
1.289218641999999981e+01,-2.490071674000000002e+01,6.031461397999999807e-01,1.382420583999999925e-02,3.639970502999999996e-02,4.301298602000000471e-01,9.019269682999999649e-01
1.295104843999999922e+01,-2.478534016000000051e+01,6.117516875999999826e-01,5.697362109000000084e-03,3.660714397999999953e-02,4.035794893999999911e-01,9.141942095999999740e-01
1.301456933000000049e+01,-2.467461984999999913e+01,6.127325315999999633e-01,3.120494407999999369e-03,3.399750027000000147e-02,4.047232762999999900e-01,9.138016755000000213e-01
1.308718823000000064e+01,-2.456917161999999877e+01,6.030309782999999646e-01,5.549763054999999438e-03,2.638818934999999713e-02,3.944597783999999607e-01,9.185174722000000180e-01
1.315620346999999946e+01,-2.446201986999999889e+01,5.985603008000000003e-01,2.763305386999999943e-03,1.535480256000000196e-02,3.957046751000000140e-01,9.182452854999999525e-01
1.322850341999999912e+01,-2.435322448000000151e+01,6.038877324000000435e-01,-3.265394082000000128e-03,1.120823656999999848e-02,3.997039696999999947e-01,9.165699368999998820e-01
1.329612735000000079e+01,-2.423646233999999922e+01,6.205186473999999563e-01,-9.912040863000000021e-03,1.504136545999999915e-02,4.096273863000000626e-01,9.120750590000000768e-01
1.336126643999999963e+01,-2.412017685000000000e+01,6.289235588999999571e-01,-1.095075260000000043e-02,1.542330023999999994e-02,4.200395437000000176e-01,9.073086489999998561e-01
1.343005551999999980e+01,-2.400055151999999836e+01,6.188736904999999622e-01,-7.774396887000000617e-03,1.259384375000000000e-02,4.132886044000000370e-01,9.104798093999999509e-01
1.349238730000000075e+01,-2.388813019999999909e+01,6.047768364000000174e-01,1.251276751999999982e-03,9.566538661000000693e-03,4.161100661000000089e-01,9.092630688999999711e-01
1.355630436000000039e+01,-2.377728082999999870e+01,5.994152329999999917e-01,1.646753272000000060e-02,8.731138444999999790e-03,4.106748935999999794e-01,9.115913115999999539e-01
1.362369252000000053e+01,-2.366505653000000109e+01,6.119103537000000204e-01,1.363915120000000133e-02,1.323241732000000025e-02,3.905283387000000328e-01,9.203947487000000427e-01
1.369398050000000033e+01,-2.355463140999999894e+01,6.250163365999999998e-01,-1.167469847000000274e-03,1.732131584000000044e-02,3.728945510000000185e-01,9.277113036000000923e-01
1.376974382999999946e+01,-2.345243801999999889e+01,6.191614962999999472e-01,-1.285231571000000064e-03,1.914818086000000252e-02,3.769605520000000043e-01,9.260304732999999899e-01
1.385137847000000022e+01,-2.335136237000000037e+01,6.005700264000000121e-01,7.155260136000000416e-03,1.807459281999999889e-02,3.823979698000000149e-01,9.237932150000000009e-01
1.393190730999999971e+01,-2.325057799000000003e+01,5.893720615999999968e-01,1.174304733999999815e-02,1.411385939999999783e-02,3.897830013999999954e-01,9.207236891000000201e-01
1.401405104000000001e+01,-2.315067456999999962e+01,5.937017799999999568e-01,1.633933594999999878e-02,9.659986647999999759e-03,4.106701918999999812e-01,9.115863668999999447e-01
1.409597385000000003e+01,-2.305255109000000147e+01,6.083124248000000289e-01,1.629006226000000168e-02,1.613339530999999966e-02,4.083380396999999329e-01,9.125428169000000533e-01
1.417519650000000020e+01,-2.294918639999999854e+01,6.098617598000000140e-01,1.025356751999999781e-02,1.230002862999999766e-02,4.067060486999999336e-01,9.134187229999999325e-01
1.425328254999999977e+01,-2.284534228000000056e+01,5.943757056999999788e-01,5.755938779999999859e-03,4.781994119999999869e-03,4.025389294999999756e-01,9.153722805000000795e-01
1.432680893999999938e+01,-2.274391675000000035e+01,5.798275555999999886e-01,1.069082240000000100e-02,-1.205642651000000043e-03,4.072307483000000561e-01,9.132619396000000167e-01
1.440650794999999995e+01,-2.264920895999999928e+01,5.820009122000000534e-01,2.779441658999999912e-02,-3.859993321999999945e-03,3.939813679999999430e-01,9.186899654000000304e-01
1.448954348000000003e+01,-2.255808032999999924e+01,5.956812166999999603e-01,3.301726103000000162e-02,-3.701144152999999784e-03,3.806179312999999897e-01,9.241353539000000117e-01
1.457290597999999981e+01,-2.246865259999999864e+01,6.065424174000000335e-01,3.327910206000000287e-02,-1.507291157000000253e-03,3.720595537000000452e-01,9.276108655999999453e-01
1.466361496000000031e+01,-2.237917438999999931e+01,5.993423254999999950e-01,3.979983790000000271e-02,-2.200004866000000638e-03,3.609661780999999792e-01,9.317266504000000227e-01
1.475602712999999966e+01,-2.228887113000000042e+01,5.815276622999999701e-01,4.545429354999999672e-02,-3.911680923999999622e-03,3.689162145000000059e-01,9.283423036000000295e-01
1.484819034999999943e+01,-2.219682227999999924e+01,5.703332448000000277e-01,4.296978582000000185e-02,-7.176553656000000427e-03,3.685119862999999829e-01,9.286016424999999908e-01
1.493568587999999941e+01,-2.210185592999999926e+01,5.738182907000000110e-01,3.567706920000000143e-02,-8.350194225999998249e-03,3.816127719999999335e-01,9.235957519999998810e-01
1.502570932000000070e+01,-2.199793496999999931e+01,5.827828393999999745e-01,2.440135794000000344e-02,1.587012243999999950e-03,3.817558742000000116e-01,9.239396666000001535e-01
1.511261121999999979e+01,-2.189444366000000031e+01,5.783188943999999498e-01,1.539641631999999830e-02,8.024141659000000662e-03,3.823680714999999619e-01,9.238469685999999292e-01
1.519863868000000018e+01,-2.179024191999999971e+01,5.619071138000000243e-01,1.479318156999999759e-02,9.113974932000000126e-03,3.872232595000000277e-01,9.218222413000000115e-01
1.528511151000000012e+01,-2.168765916999999988e+01,5.511997517000000180e-01,1.930916644000000085e-02,7.989703969999999503e-03,3.779420706000000130e-01,9.255933837000001052e-01
1.536939581999999938e+01,-2.158749571999999972e+01,5.590885785000000441e-01,2.933039697999999598e-02,7.582061287999999032e-03,3.768010377000000077e-01,9.257986919999999786e-01
1.545570582000000037e+01,-2.148647585999999876e+01,5.776385223000000124e-01,2.945467046999999949e-02,8.076917335999999822e-03,3.565488903999999848e-01,9.337773152999999660e-01
1.554131214999999955e+01,-2.138623407000000043e+01,5.876473271000000054e-01,2.635096895999999855e-02,7.787637043000000293e-03,3.590611657000000179e-01,9.329094588999999882e-01
1.563274314999999959e+01,-2.128790172000000069e+01,5.794520963999999497e-01,2.768530921000000172e-02,5.803648645000000252e-03,3.527119484999999832e-01,9.353042941999999416e-01
1.572509911999999943e+01,-2.118656900999999948e+01,5.643139365999999546e-01,2.803591239000000068e-02,1.081419281000000308e-03,3.534339343999999827e-01,9.350386473999999781e-01
1.581382177000000056e+01,-2.108563828999999856e+01,5.559411387999999565e-01,2.529027240999999829e-02,-5.796791530000000407e-03,3.581866396000000230e-01,9.332894142000000004e-01
1.590628137999999936e+01,-2.098267923999999951e+01,5.578225650000000480e-01,2.046274513999999864e-02,2.845751927999999858e-03,3.679332719000000251e-01,9.296226574000001630e-01
1.600298360000000031e+01,-2.087484831000000085e+01,5.615728333999999711e-01,1.133290634000000061e-02,1.895380938999999959e-02,3.611057889000000021e-01,9.322633358999999897e-01
1.609247612000000061e+01,-2.076714232000000138e+01,5.552094680000000393e-01,4.171744231000000178e-03,2.247614052000000001e-02,3.658861651999999465e-01,9.303788120000000550e-01
1.618553929000000124e+01,-2.066361101000000033e+01,5.394816987999999647e-01,1.055606044999999986e-02,1.403888432000000019e-02,3.609720551000000222e-01,9.324112047000000514e-01
1.627394719999999850e+01,-2.056327038999999957e+01,5.307636378000000210e-01,1.662742166999999979e-02,6.102093727000000405e-03,3.490629001000000176e-01,9.369318999000000314e-01
1.636697150999999906e+01,-2.045466917999999978e+01,5.405853114999999987e-01,1.219560439000000156e-02,1.400888767000000104e-02,3.458058038999999861e-01,9.381222543999999663e-01
1.646350707999999941e+01,-2.035230497999999955e+01,5.552726408000000502e-01,3.046655177999999832e-03,2.072898633000000088e-02,3.284482787999999931e-01,9.442895504999999634e-01
1.656469571999999957e+01,-2.025612643999999918e+01,5.552008282000000516e-01,2.777699425999999826e-03,2.427020435999999864e-02,3.306932441000000056e-01,9.434220794000000021e-01
1.666533774999999906e+01,-2.016540369000000155e+01,5.396400709999999989e-01,5.239962624000000027e-03,2.120557002000000163e-02,3.308266195999999826e-01,9.434387177999999929e-01
1.676626566999999923e+01,-2.007825476000000009e+01,5.291849776000000505e-01,4.349629348000000166e-03,1.365845595999999780e-02,3.370935163000000068e-01,9.413620390000000393e-01
1.686566952000000086e+01,-1.998814767000000003e+01,5.340930513999999629e-01,1.295923842999999924e-03,9.798544144000000469e-03,3.472303682999999808e-01,9.377277751999999467e-01
1.696444954000000038e+01,-1.989713146000000066e+01,5.471734260999999711e-01,-2.886643545000000359e-03,1.562945769000000096e-02,3.505200977999999856e-01,9.364203373999999691e-01
1.706171095999999920e+01,-1.980607476999999861e+01,5.497901793999999676e-01,-5.222226473999999792e-03,1.791791532999999562e-02,3.592206309999999569e-01,9.330660292000000355e-01
1.715830947999999978e+01,-1.971344019000000003e+01,5.371842259000000341e-01,-4.768244968000000077e-03,1.356456785999999963e-02,3.526806004000000438e-01,9.356332938000000432e-01
1.725244380000000177e+01,-1.962210049000000112e+01,5.217796819000000141e-01,-1.185948722999999967e-03,5.887539855999999842e-03,3.438523253999999918e-01,9.390045306999998953e-01
1.734823554000000101e+01,-1.952893974999999926e+01,5.204845021999999766e-01,5.234687885000000387e-03,6.881158786000000395e-03,3.354637106000000202e-01,9.420134534999999865e-01
1.744790770999999907e+01,-1.943531993999999941e+01,5.309362349999999786e-01,5.973833870999999129e-03,1.387310517000000035e-02,3.165242200000000228e-01,9.484641630000000267e-01
1.755099660000000128e+01,-1.934443037000000132e+01,5.384288910000000206e-01,1.891117636999999942e-03,2.490687926000000052e-02,3.058405740999999844e-01,9.517550180000000637e-01
1.765604318999999833e+01,-1.926001643000000030e+01,5.311277125000000154e-01,1.285216068999999990e-03,2.983349402000000025e-02,2.874837101000000117e-01,9.573199190000000192e-01
1.775898351000000019e+01,-1.917544189999999915e+01,5.135751487999999920e-01,6.216721007999999674e-03,2.496318770000000020e-02,2.911766143000000251e-01,9.563233611000000467e-01
1.786265386999999905e+01,-1.909416071000000059e+01,5.047116014000000428e-01,8.226323739000000745e-03,1.990955419999999865e-02,2.860103442999999968e-01,9.579843528000000497e-01
1.796240939999999853e+01,-1.900992550999999864e+01,5.145081263999999877e-01,6.949970325999999324e-03,1.922396038999999932e-02,2.878086689000000087e-01,9.574697422999999263e-01
1.806815697000000043e+01,-1.892358952000000016e+01,5.282861506999999568e-01,4.678687503999999671e-03,2.642859406999999855e-02,2.926776398999999529e-01,9.558344199999999624e-01
1.817171559000000158e+01,-1.883533758000000091e+01,5.290083179000000246e-01,5.999397859999999229e-03,2.627289824999999926e-02,2.942468618999999896e-01,9.553494262999999709e-01
1.826896138000000036e+01,-1.874933808000000113e+01,5.165592145999999829e-01,1.144498896000000106e-02,1.569217525999999988e-02,2.910490258999999802e-01,9.565109683000000418e-01
1.836124524999999963e+01,-1.866147709000000177e+01,5.082642590000000515e-01,1.650651092999999917e-02,3.129987668999999802e-03,2.736996521999999765e-01,9.616684660999998968e-01
1.845536862999999883e+01,-1.857438847999999965e+01,5.159806939000000092e-01,2.035618521999999972e-02,-1.006920790000000003e-03,2.645336856000000125e-01,9.641610554999998639e-01
1.855581816000000117e+01,-1.849237152999999978e+01,5.316648146000000352e-01,1.679285583999999901e-02,-2.087371445000000148e-03,2.411493362999999612e-01,9.703404765999998904e-01
1.866067195999999839e+01,-1.841536251999999863e+01,5.385120625000000549e-01,1.437565105000000211e-02,-4.983425765000001157e-04,2.403680077000000248e-01,9.705752485999999957e-01
1.876790894999999892e+01,-1.834260637999999943e+01,5.285804685999999641e-01,1.623848417000000113e-02,-2.803044881999999707e-03,2.276400290999999743e-01,9.736059119000000095e-01
1.887458838999999955e+01,-1.827212812000000142e+01,5.149150060999999612e-01,1.834073215000000395e-02,-1.355733863999999955e-02,2.221657084000000226e-01,9.747421270000000693e-01
1.898256951999999842e+01,-1.820332047000000131e+01,5.141126517999999868e-01,1.575163759999999996e-02,-2.394352070999999915e-02,2.242848229999999943e-01,9.741021055000000928e-01
1.909335507999999848e+01,-1.813688087999999965e+01,5.317148230999999559e-01,1.084054807000000079e-02,-2.343222235000000028e-02,2.159684594000000069e-01,9.760589315999999016e-01
1.920251339000000002e+01,-1.806654637000000108e+01,5.463178408000000097e-01,4.715949791999999099e-03,-2.180219366000000006e-02,2.234783401999999586e-01,9.744536190000000486e-01
1.931197393000000062e+01,-1.799554425999999907e+01,5.456942652999999810e-01,6.243365041999999684e-03,-2.215387767999999966e-02,2.269426579999999638e-01,9.736361004000000374e-01
1.942140848000000020e+01,-1.792570149999999884e+01,5.380825137000000424e-01,1.589550745999999959e-02,-2.954631262999999827e-02,2.294483069000000375e-01,9.727424236000000723e-01
1.952854334999999963e+01,-1.785696602999999882e+01,5.421420208999999657e-01,2.630663163000000054e-02,-3.460704332999999661e-02,2.246775378000000212e-01,9.734630541000000026e-01
1.963960248000000064e+01,-1.779031549000000112e+01,5.618705493000000217e-01,3.575920781999999964e-02,-3.488490034999999767e-02,2.129084536999999999e-01,9.757941960999999553e-01
1.974834188999999895e+01,-1.772387734000000137e+01,5.823600907000000548e-01,3.309392980999999873e-02,-2.969000358999999978e-02,1.979696277000000115e-01,9.791993270000000082e-01
1.986274921000000049e+01,-1.766014570999999833e+01,5.877392376000000196e-01,2.934776584000000493e-02,-2.413563135999999970e-02,1.940179475000000098e-01,9.802618099000000029e-01
1.998211689000000035e+01,-1.759806573999999912e+01,5.750372903999999563e-01,3.003939880999999951e-02,-2.198080360999999858e-02,1.901435783999999851e-01,9.810504055999998974e-01
2.009833148999999963e+01,-1.753856283000000005e+01,5.650494393999999643e-01,2.897149615999999525e-02,-2.602832976999999715e-02,1.924252451999999836e-01,9.805384763000000170e-01
2.021191010000000077e+01,-1.748195795999999902e+01,5.680165890999999689e-01,2.398049006000000163e-02,-3.553876179999999885e-02,1.932269728999999880e-01,9.802169501999999923e-01
2.032819978999999933e+01,-1.741957633000000172e+01,5.823715727999999592e-01,1.328109854999999853e-02,-3.129435383999999015e-02,1.876972208999999892e-01,9.816384410999998700e-01
2.044346133000000165e+01,-1.735668292000000079e+01,5.900903934000000239e-01,3.944315159000000119e-03,-2.557038001000000102e-02,1.866493100000000127e-01,9.820858582999999475e-01
2.055717995999999914e+01,-1.729164504999999963e+01,5.809772984000000084e-01,8.582786461999999473e-04,-2.553873825999999903e-02,1.842012000000000094e-01,9.825563363999999522e-01
2.067169116000000173e+01,-1.722495819999999966e+01,5.681165105000000048e-01,5.896936662999999711e-03,-2.624550112000000046e-02,1.813906956000000403e-01,9.830431401000000458e-01
2.078569630000000146e+01,-1.715899521000000050e+01,5.695917595999999694e-01,1.217251582000000200e-02,-2.771872506000000111e-02,1.845777664999999901e-01,9.823515411000000030e-01
2.090440896999999865e+01,-1.709183593999999928e+01,5.877303342999999902e-01,9.820063101000002168e-03,-2.211020194000000438e-02,1.663197434000000252e-01,9.857750495000000557e-01
2.102555732000000077e+01,-1.702624995000000041e+01,6.027227658999999571e-01,7.607595568000000532e-04,-1.137041345000000016e-02,1.609634168000000087e-01,9.868945807000000237e-01
2.114813180999999886e+01,-1.696677397999999926e+01,5.993935534000000009e-01,3.781571977999999626e-03,-8.568567404999999707e-03,1.635801162999999947e-01,9.864855928999999302e-01
2.127245509999999840e+01,-1.691060523999999887e+01,5.849217601999999738e-01,9.967800339000000565e-03,-1.318909199999999948e-02,1.730704536000000071e-01,9.847706885000000465e-01
2.139781848000000153e+01,-1.685546538999999910e+01,5.739177737999999751e-01,1.101580553999999962e-02,-1.996933286000000113e-02,1.768877017000000385e-01,9.839667773000000395e-01
2.152190547000000009e+01,-1.679752144000000058e+01,5.828413762999999914e-01,8.460909146999998076e-03,-1.917609866999999899e-02,1.885996252999999623e-01,9.818303679999998979e-01
2.165188438999999931e+01,-1.673736069999999998e+01,6.011860089999999657e-01,7.002917082000000536e-03,-8.078283892000000244e-03,1.969039380000000006e-01,9.803644932999999728e-01
2.178134586999999911e+01,-1.667734378999999834e+01,6.041045129000000014e-01,4.050822160999999720e-03,-3.857032379000000042e-03,2.039838704999999974e-01,9.789582701999999248e-01
2.190566493000000037e+01,-1.661682753999999917e+01,5.883647707000000393e-01,5.864471843000000108e-03,-1.075362137000000079e-02,1.987695738999999961e-01,9.799697056999999711e-01
2.202675780999999944e+01,-1.655417291999999918e+01,5.754333131000000101e-01,1.074826044000000078e-02,-1.884676638000000112e-02,1.978564352000000137e-01,9.799908699999999584e-01
2.214675945999999840e+01,-1.649354087000000035e+01,5.795209529999999498e-01,1.853349187999999911e-02,-1.976931331000000153e-02,1.991365605000000039e-01,9.795970161999999481e-01
2.227401387999999827e+01,-1.643538153000000079e+01,5.979807109000000453e-01,1.776222761000000039e-02,-1.348134072999999759e-02,1.771212520000000068e-01,9.839363895999998499e-01
2.240355343999999960e+01,-1.638319501999999872e+01,6.093116484999999694e-01,1.778215744000000154e-02,-6.464234722999999405e-03,1.743805696999999599e-01,9.844965339999999232e-01
2.253736295999999939e+01,-1.633372113000000070e+01,6.027919447999999791e-01,2.452054132999999941e-02,-5.286415903000000333e-03,1.701769200000000093e-01,9.850942151999999563e-01
2.267129655999999827e+01,-1.628692513000000019e+01,5.853262098000000524e-01,2.538342207999999892e-02,-9.010449756000000684e-03,1.669135442999999941e-01,9.856035523999998604e-01
2.279958831000000075e+01,-1.623538870999999872e+01,5.753820669000000443e-01,1.883228555000000110e-02,-1.270577546999999974e-02,1.704156219000000083e-01,9.851103613999999675e-01
2.292577013000000008e+01,-1.618704045000000136e+01,5.834253801000000017e-01,1.733292844999999999e-02,-4.801743205999999854e-03,1.836454573000000090e-01,9.828279904999999150e-01
2.305104100999999872e+01,-1.614103120000000047e+01,5.994903232999999609e-01,1.561309546000000034e-02,5.440423372999999597e-03,1.758347906000000127e-01,9.842808335999998492e-01
2.317078904999999978e+01,-1.609262458999999978e+01,6.048639180999999532e-01,1.299012912999999991e-02,6.442799274999999257e-03,1.736916246000000108e-01,9.846933361999999912e-01
2.328878774000000007e+01,-1.604512447999999836e+01,5.986374464999999478e-01,1.676425411000000143e-02,3.608677681000000120e-03,1.743398314999999865e-01,9.845362159000000668e-01
2.340287445999999960e+01,-1.599564471000000054e+01,5.925250407000000052e-01,2.216609140000000075e-02,7.596757045000000243e-04,1.673274378999999867e-01,9.856518735000000531e-01
2.351242187000000072e+01,-1.594835085000000063e+01,5.965285661000000461e-01,2.575765014999999852e-02,-4.517192663999999684e-03,1.545338280000000120e-01,9.876413491000000100e-01
2.362150115000000028e+01,-1.590172324000000081e+01,6.103182252000000085e-01,2.152770400000000167e-02,-4.352276623999999650e-03,1.332743832000000128e-01,9.908357857999998686e-01
2.372846398000000079e+01,-1.585709343999999987e+01,6.231954350999999726e-01,1.465111828999999914e-02,-7.653813028999998508e-05,1.403143158999999862e-01,9.899986017999999888e-01
2.383803351999999975e+01,-1.581631647999999934e+01,6.245843626999999509e-01,1.218430115000000008e-02,-8.580830323000000401e-05,1.358563167999999877e-01,9.906536209000000870e-01
2.394629345999999970e+01,-1.578020650000000025e+01,6.141607500000000330e-01,5.185048381999999602e-03,-3.855094112000000302e-03,1.328769341999999909e-01,9.911114840999999398e-01
2.405456779000000012e+01,-1.574396003000000022e+01,6.053272514999999965e-01,-1.234878457999999922e-03,-6.117714179999999072e-03,1.373164507000000090e-01,9.905075674000001218e-01
2.415843441999999897e+01,-1.571156833999999947e+01,6.084786814000000543e-01,-1.591184047000000074e-03,-1.065616049000000023e-02,1.573144640999999955e-01,9.874897841000001009e-01
2.426586451000000011e+01,-1.567923410000000040e+01,6.221545868000000201e-01,-5.998377990000000430e-04,-1.131204019999999984e-02,1.617191783000000160e-01,9.867717999999999767e-01
2.437719132999999871e+01,-1.564338734000000031e+01,6.355016394000000401e-01,-2.812976933000000193e-03,-8.830964344000000535e-03,1.610853882999999931e-01,9.868969546000000426e-01
2.448915879000000118e+01,-1.560490491000000013e+01,6.345002867000000268e-01,-1.152862714999999903e-03,-1.062402264999999860e-02,1.607724036000000023e-01,9.869336529000000136e-01
2.459979039999999983e+01,-1.556468367999999991e+01,6.279462434000000481e-01,8.144137051000000307e-03,-1.535796635999999923e-02,1.628686607000000008e-01,9.864946047999999523e-01
2.471002658999999824e+01,-1.552200310999999999e+01,6.278241630999999989e-01,1.759505807999999644e-02,-1.861248550999999515e-02,1.631648812000000004e-01,9.862662980999998830e-01
2.482317527000000013e+01,-1.548062533999999957e+01,6.424806829000000441e-01,2.011180133999999897e-02,-1.491574763999999748e-02,1.485328105000000010e-01,9.885904308999999834e-01
2.493564350999999846e+01,-1.543971379000000077e+01,6.548243304999999959e-01,1.753807777000000040e-02,-1.200493456999999868e-02,1.263476145999999634e-01,9.917583261999999289e-01
2.504512719999999959e+01,-1.540257036000000035e+01,6.578724163000000402e-01,1.688028639999999969e-02,-7.855802356000000583e-03,1.358348218000000052e-01,9.905565321999999506e-01
2.516047023000000138e+01,-1.536856773000000054e+01,6.494784628999999976e-01,1.815162404000000146e-02,-9.320327068999999937e-03,1.206547820999999965e-01,9.924847976999999766e-01
2.527603896000000105e+01,-1.533411178000000064e+01,6.369808971999999514e-01,1.327907178999999938e-02,-1.276164110000000025e-02,1.229126076000000012e-01,9.922465912000000277e-01
2.539193012999999866e+01,-1.529929815000000026e+01,6.283745206999999944e-01,8.037641341999999384e-03,-1.809549477000000142e-02,1.216707734000000013e-01,9.923730005999999992e-01
2.550674841000000015e+01,-1.526628101999999920e+01,6.340438520000000189e-01,1.010658918000000017e-02,-1.510427613000000190e-02,1.361744572999999958e-01,9.905181647999999894e-01
2.562507134999999892e+01,-1.523470426999999994e+01,6.434182867000000083e-01,1.408278555999999994e-02,-7.984520554999997508e-03,1.289386301999999873e-01,9.915204244999998862e-01
2.574103832999999852e+01,-1.519686878999999990e+01,6.419893870999999752e-01,1.729648178999999841e-02,-8.762610793999999967e-03,1.275949996000000086e-01,9.916368107999998793e-01
2.585484701000000030e+01,-1.516046309000000036e+01,6.319210412000000332e-01,2.541516754999999933e-02,-1.360339955999999989e-02,1.244586503999999955e-01,9.918059594000001589e-01
2.596780599999999950e+01,-1.511786878000000023e+01,6.236179219999999912e-01,3.740712831000000266e-02,-1.595391184000000129e-02,1.132102172000000045e-01,9.927384480000001066e-01
2.608493031000000073e+01,-1.507966210999999923e+01,6.353424466999999520e-01,4.548095192999999925e-02,-6.101238026999999606e-03,1.121927055999999978e-01,9.926263418999999866e-01
2.620698931000000087e+01,-1.504758278000000082e+01,6.537876049999999939e-01,4.535403501999999559e-02,-1.551129201999999676e-03,8.064145708999997941e-02,9.957095765999999237e-01
2.632042317000000153e+01,-1.501956009999999964e+01,6.651617574999999505e-01,4.157648368999999205e-02,8.487189138999998812e-04,7.599541921999999894e-02,9.962406194999999798e-01
2.643936839999999933e+01,-1.499605947999999955e+01,6.628856850000000023e-01,3.844319639000000344e-02,-1.516610322000000064e-03,6.416995259999999646e-02,9.971970906999999551e-01
2.655746613000000167e+01,-1.497375319000000005e+01,6.545174862999999510e-01,3.333976039000000058e-02,-8.317393165000000824e-03,6.307460428000000174e-02,9.974171021000000081e-01
2.667699955000000145e+01,-1.495344932999999976e+01,6.510950377999999983e-01,2.505672688999999870e-02,-1.285176487999999985e-02,6.543621829000000056e-02,9.974593193999998775e-01
2.679657509999999832e+01,-1.493694868999999947e+01,6.611125705999999491e-01,1.476271772000000045e-02,-1.237646358000000016e-02,5.232017200999999895e-02,9.984445326999998871e-01
2.691772744000000017e+01,-1.491753734999999992e+01,6.720127156999999851e-01,7.912545796000002019e-03,-1.128577457000000221e-02,5.226692167000000777e-02,9.985380271999998447e-01
2.703856869999999901e+01,-1.489808247000000030e+01,6.704132463999999958e-01,7.181742871999998758e-03,-1.091081758999999998e-02,6.052492310999999653e-02,9.980812142999999637e-01
2.716833847999999918e+01,-1.488118577999999914e+01,6.551006968000000485e-01,1.101813913999999915e-02,-1.219024288999999775e-02,4.674409339999999885e-02,9.987717397999998914e-01
2.729265742000000117e+01,-1.486093986000000022e+01,6.406654244999999692e-01,1.773625034000000239e-02,-1.331739057000000219e-02,4.123751960000000827e-02,9.989031682000001355e-01
2.742146852000000123e+01,-1.484502892000000074e+01,6.456723631999999879e-01,2.646447019999999956e-02,-7.536208661999999926e-03,4.916011056999999851e-02,9.984117993000000135e-01
2.755073383999999947e+01,-1.483525230000000050e+01,6.611562621000000028e-01,2.738698291999999701e-02,-1.860695680999999982e-03,6.460971914000000066e-03,9.996022943000000271e-01
2.767099143000000083e+01,-1.482436511000000046e+01,6.698931062999999853e-01,2.515378404999999915e-02,3.210098991999999710e-03,1.131921027999999857e-02,9.996143546000000324e-01
2.779995105000000066e+01,-1.481891925999999948e+01,6.623486564999999660e-01,2.660779497000000104e-02,6.729224393000000394e-03,7.125230082999999860e-03,9.995979060999999888e-01
2.792710397999999827e+01,-1.481322699000000043e+01,6.470531487999999776e-01,2.525294420999999595e-02,7.507847294999999907e-03,9.636477379999999412e-03,9.996064521999999952e-01
2.805207194000000115e+01,-1.480886635000000062e+01,6.368737051999999732e-01,2.065045858000000290e-02,6.050728466000000749e-03,1.149705129000000089e-02,9.997023381999999847e-01
2.817658533999999904e+01,-1.480819913999999926e+01,6.434097850000000118e-01,1.817154987000000471e-02,5.249493214999999616e-03,2.948203552000000331e-03,9.998167560999999814e-01
2.829812688999999892e+01,-1.480576562999999979e+01,6.580104544000000555e-01,1.686186253000000052e-02,8.956672724999999863e-03,-4.826066008999999914e-03,9.998060635000001195e-01
2.841746256000000059e+01,-1.480191143999999959e+01,6.621147322999999529e-01,1.553141624000000005e-02,6.227799372999999819e-03,-7.715091097999999051e-03,9.998302191000000283e-01
2.853135178000000138e+01,-1.479845251999999967e+01,6.504253942000000066e-01,1.874166094999999907e-02,-4.077661342999998849e-03,-1.541153383000000085e-02,9.996972578999999692e-01
2.865000252000000103e+01,-1.479180389999999967e+01,6.394707002999999723e-01,2.362651006000000137e-02,-1.206427394000000007e-02,-3.132075690000000329e-02,9.991572707000000442e-01
2.876626116999999994e+01,-1.478329379999999915e+01,6.445798393999999654e-01,2.765317012999999810e-02,-1.802492875999999952e-02,-4.214190068999999761e-02,9.985662042999998711e-01
2.888773554000000132e+01,-1.477543638999999942e+01,6.598471474999999531e-01,2.711862074999999914e-02,-1.520621628000000045e-02,-5.849845724999999663e-02,9.978032279999999865e-01
2.900996068999999977e+01,-1.476970726000000056e+01,6.685364926000000318e-01,2.166935877999999829e-02,-5.991590502999999922e-03,-7.195978463999999630e-02,9.971541149999999520e-01
2.913058449000000039e+01,-1.476874514000000005e+01,6.601114460000000461e-01,2.032811038000000015e-02,-4.702898393999999788e-03,-7.304036667999999621e-02,9.971107036999999895e-01
2.925051945999999958e+01,-1.477280273999999949e+01,6.438313487000000279e-01,1.862036225999999864e-02,-6.551250225000001051e-03,-7.628889170000001385e-02,9.968903491999999700e-01
2.936980588999999853e+01,-1.478084622999999986e+01,6.316112737000000310e-01,1.235250130999999973e-02,-7.049740853999999710e-03,-7.665001067000001833e-02,9.969566153000001263e-01
2.948956287000000032e+01,-1.478811501999999933e+01,6.328188877999999518e-01,4.910177316999999979e-03,-5.668228931000000165e-03,-7.789634621999999564e-02,9.969332577999999723e-01
2.961032803000000158e+01,-1.479298606000000049e+01,6.426591704999999877e-01,7.870846741999999339e-04,4.135818799999999712e-03,-7.814705025999998944e-02,9.969329535999998937e-01
2.973208049999999858e+01,-1.480018899000000054e+01,6.457600194000000515e-01,-2.294719173999999924e-03,1.039280929999999992e-02,-7.876634141999998284e-02,9.968362890999999948e-01
2.985239145999999977e+01,-1.480502348999999995e+01,6.363934189000000075e-01,-3.544517925000000708e-04,6.436995547999999588e-03,-8.492716926000001831e-02,9.963663057999999628e-01
2.997010909000000112e+01,-1.480994517999999971e+01,6.236648863999999515e-01,8.000168026999999668e-03,-4.496276482999999810e-03,-9.096435428999999351e-02,9.958118633000000441e-01
3.008547486000000148e+01,-1.481532668999999913e+01,6.230000675000000321e-01,1.581622023000000057e-02,-1.586650478999999947e-02,-9.887022668000000625e-02,9.948481188000000142e-01
3.020695158999999919e+01,-1.482247974999999940e+01,6.393955662000000428e-01,1.898516157999999981e-02,-2.289898402999999971e-02,-1.283789317000000041e-01,9.912789971000000033e-01
3.032796765999999877e+01,-1.483033136000000063e+01,6.534784747999999865e-01,1.925559538000000057e-02,-1.764246034999999990e-02,-1.372481078999999993e-01,9.901923663999999681e-01
3.045605147999999929e+01,-1.484657583999999986e+01,6.541687253000000313e-01,2.235269872000000130e-02,-8.313514895000000474e-03,-1.402360574000000304e-01,9.898308394000001620e-01
3.058384790999999936e+01,-1.486646142000000026e+01,6.389018239000000543e-01,2.726571453000000214e-02,-7.724710027000001276e-03,-1.473728327999999921e-01,9.886749505000000937e-01
3.071002178999999899e+01,-1.488801400000000008e+01,6.204668147999999883e-01,2.973286366000000083e-02,-9.799424107999998856e-03,-1.384719587000000085e-01,9.898714283999999752e-01
3.084079210999999887e+01,-1.491386332999999986e+01,6.148704824999999818e-01,2.779720671000000115e-02,-3.261097055000000342e-03,-1.502907102999999911e-01,9.882456085999999917e-01
3.096719394000000136e+01,-1.493478733000000069e+01,6.247798613999999695e-01,2.570764420999999827e-02,4.077512095000000204e-03,-1.551603983000000020e-01,9.875463237999999588e-01
3.109184946999999966e+01,-1.495486643999999998e+01,6.325642391000000364e-01,2.282099414999999923e-02,9.494427922000000380e-03,-1.526077844000000017e-01,9.879776931999999512e-01
3.121910190999999912e+01,-1.497617106000000042e+01,6.269907028000000215e-01,1.848311692999999797e-02,1.341898864999999975e-02,-1.678899721999999872e-01,9.855411013000000553e-01
3.134489798999999977e+01,-1.499456724000000030e+01,6.093034107000000477e-01,1.844537921999999525e-02,6.686486231999999238e-03,-1.672031663999999640e-01,9.857272238999998937e-01
3.146962711999999840e+01,-1.501653961999999964e+01,5.990814250999999535e-01,2.216135990000000014e-02,-3.610044698999999996e-03,-1.878750503000000127e-01,9.819362540999999611e-01
3.159196166999999988e+01,-1.504046362999999964e+01,6.112207065000000439e-01,2.518228123999999984e-02,-1.063784907999999925e-02,-2.057575607999999889e-01,9.782210971999999449e-01
3.171663441000000105e+01,-1.506798563999999985e+01,6.304703714999999598e-01,2.160477381999999572e-02,-7.221173083999999666e-03,-2.156836125999999909e-01,9.761975556999999970e-01
3.184553241000000057e+01,-1.510138328000000030e+01,6.359867337000000287e-01,1.834869267000000317e-02,-7.381381788000000331e-04,-2.254597132000000226e-01,9.740794107000000368e-01
3.197430016999999935e+01,-1.514079098000000023e+01,6.236051006999999702e-01,1.794894061999999929e-02,2.063174597999999863e-03,-2.242693181000000036e-01,9.743597137999999713e-01
3.210122879000000040e+01,-1.518513611000000019e+01,6.053879110000000008e-01,1.554770525999999917e-02,3.763858653999999689e-03,-2.284297537999999961e-01,9.734289649999998684e-01
3.222385426999999680e+01,-1.522977777999999915e+01,6.015770032999999684e-01,1.239133728000000115e-02,8.135835952000002383e-03,-2.298767758000000161e-01,9.731068444999999567e-01
3.234552710999999903e+01,-1.527124013999999974e+01,6.169222718000000327e-01,9.763424047999999522e-03,1.568965735000000042e-02,-2.274676323999999805e-01,9.736102846999998839e-01
3.246903198999999773e+01,-1.531384528000000067e+01,6.261908121000000493e-01,5.307030740999999982e-03,1.877656812000000341e-02,-2.306405529000000176e-01,9.728433642000000603e-01
3.258903042000000028e+01,-1.535244527000000048e+01,6.193845484000000123e-01,5.323067259999999731e-03,1.536552666999999907e-02,-2.337774059000000126e-01,9.721541492999999923e-01
3.271022418999999815e+01,-1.539230189000000060e+01,6.041191295000000183e-01,1.004119650999999933e-02,5.762495137999999739e-03,-2.344035525000000286e-01,9.720704411999999683e-01
3.283253169999999699e+01,-1.543190097999999999e+01,5.966543662000000081e-01,1.555383852999999914e-02,-3.381004361000000029e-04,-2.493124740000000339e-01,9.682981225000001357e-01
3.295601177999999720e+01,-1.547266813999999968e+01,6.052716991000000046e-01,1.925899953999999845e-02,-6.310753883999999450e-05,-2.656126717000000248e-01,9.638874392999999818e-01
3.307616084000000001e+01,-1.551621787000000019e+01,6.197832736999999703e-01,1.919717959999999932e-02,7.771172750000000275e-03,-2.785789654999999976e-01,9.601900006000000376e-01
3.319846641000000176e+01,-1.556375204000000068e+01,6.232368412000000024e-01,1.728368565999999912e-02,1.194743619000000236e-02,-2.880986222999999957e-01,9.573702088000000110e-01
3.331865222999999787e+01,-1.560927743999999961e+01,6.130930643999999985e-01,1.519658376999999741e-02,1.248598081999999741e-02,-2.908928662999999970e-01,9.565534508999998797e-01
3.343533478999999886e+01,-1.565578640999999926e+01,5.975093316999999793e-01,1.422535622000000062e-02,7.417000842999999649e-03,-2.722324823000000227e-01,9.620977615999999344e-01
3.355273856000000166e+01,-1.570498186000000018e+01,5.925873531999999999e-01,1.069478285000000084e-02,4.213868461999999843e-03,-2.740634813999999753e-01,9.616429031000000016e-01
3.366907072000000056e+01,-1.575162350000000089e+01,6.050500456999999832e-01,6.424244721000000116e-03,7.746375043000000050e-03,-2.756895796000000121e-01,9.611940379000001311e-01
3.378640056999999786e+01,-1.579490093999999978e+01,6.170035271999999571e-01,5.487257481000000405e-04,1.058785140000000242e-02,-2.689516717000000057e-01,9.630953196000000549e-01
3.390152141000000086e+01,-1.584114736999999984e+01,6.151185444000000224e-01,1.271141970000000019e-04,6.607511186000000064e-03,-2.653926826000000405e-01,9.641177566000000976e-01
3.401683740000000000e+01,-1.589061399000000030e+01,6.034975881999999903e-01,6.579297230000000392e-03,-5.478481367000000157e-03,-2.677317794999999889e-01,9.634554443999999718e-01
3.413321429999999879e+01,-1.593652140000000017e+01,5.997214448000000031e-01,1.090702246000000049e-02,-1.501622766999999824e-02,-2.785349012000000180e-01,9.602467695999998831e-01
3.425327788999999967e+01,-1.598664766999999998e+01,6.097845842000000349e-01,1.212270378000000239e-02,-1.813530874999999890e-02,-2.981210046000000169e-01,9.542787943000000661e-01
3.437415741000000224e+01,-1.603754726000000019e+01,6.218477029000000211e-01,1.080325546000000109e-02,-8.664449124000000654e-03,-3.131051961999999911e-01,9.496174773000001235e-01
3.449541338000000223e+01,-1.609721900999999988e+01,6.216647430999999724e-01,1.222344145000000062e-02,4.609703891000000060e-03,-3.148578693999999900e-01,9.490489239999999604e-01
3.461635085000000345e+01,-1.615780991000000100e+01,6.066814604000000388e-01,1.289489483999999887e-02,9.851574977999998789e-03,-3.221804882000000037e-01,9.465391704000000184e-01
3.473258495000000323e+01,-1.622192416000000037e+01,5.874187345000000393e-01,1.588688870000000072e-02,1.045374625000000147e-02,-3.090561453999999819e-01,9.508536296000000831e-01
3.484569357000000167e+01,-1.628955231999999853e+01,5.773901272000000473e-01,1.776577983999999902e-02,1.077186146000000053e-02,-3.055695646000000099e-01,9.519430577999998810e-01
3.496215460999999891e+01,-1.635916217000000117e+01,5.846868839000000095e-01,1.750685370000000171e-02,1.650609227999999887e-02,-3.083611960000000041e-01,9.509650002999998630e-01
3.507723687000000012e+01,-1.642754528000000036e+01,5.934698274999999912e-01,1.892160198999999834e-02,2.522714874000000010e-02,-2.983395288999999284e-01,9.539387242000000322e-01
3.519072298999999759e+01,-1.649854532999999890e+01,5.888299647000000414e-01,2.394745833000000088e-02,2.549350553999999922e-02,-2.940486605000000031e-01,9.551502424000000158e-01
3.530544442000000060e+01,-1.657134359000000146e+01,5.717600594999999730e-01,2.535364159999999728e-02,1.760981286000000076e-02,-2.956892834000000025e-01,9.547852821999999184e-01
3.541744698000000113e+01,-1.663862612999999868e+01,5.579508962000000460e-01,2.358843903000000172e-02,1.049704030999999878e-02,-3.100192965999999939e-01,9.503796260000000329e-01
3.553014335999999673e+01,-1.670551593000000068e+01,5.611626004999999973e-01,2.050810977999999868e-02,6.514189549999999627e-03,-3.167161195000000040e-01,9.482762689999999495e-01
3.564096377999999987e+01,-1.677870333999999986e+01,5.750423286000000411e-01,1.543122100999999927e-02,1.401228687000000139e-02,-3.354456267000000547e-01,9.418289466000001608e-01
3.574704541999999918e+01,-1.685599975999999955e+01,5.815115144000000402e-01,1.671475935000000038e-02,1.983836874000000083e-02,-3.283651255000000213e-01,9.441945776000000290e-01
3.584742739000000000e+01,-1.693811858000000115e+01,5.708889335000000287e-01,2.014846298000000369e-02,1.567704064000000064e-02,-3.269421405000000336e-01,9.446994794999999945e-01
3.594551729999999878e+01,-1.702223777000000027e+01,5.530123430000000173e-01,1.707688404000000035e-02,1.146612617000000028e-02,-3.226311845999999539e-01,9.463012347000000490e-01
3.603949664999999669e+01,-1.710505024000000063e+01,5.451685902999999778e-01,7.329792103999999489e-03,6.997691157999998829e-03,-3.163889441000000136e-01,9.485754279000000455e-01
3.613637236999999658e+01,-1.718941640999999976e+01,5.569514982000000058e-01,3.563905069999999745e-03,1.167548701000000085e-02,-3.119597445000000246e-01,9.500168943000000255e-01
3.623680851999999675e+01,-1.727305274000000068e+01,5.712092025999999656e-01,-1.646351026000000221e-03,1.951154136999999969e-02,-3.137655202999999893e-01,9.492985766000001657e-01
3.633753176999999823e+01,-1.735432016000000033e+01,5.703481795000000520e-01,-6.135188657999999726e-03,2.089108036999999876e-02,-3.111229352000000059e-01,9.501202247000001266e-01
3.643647413000000057e+01,-1.743561942999999914e+01,5.560339590999999748e-01,-4.783328893000000220e-03,1.277563928000000071e-02,-3.122565588000000281e-01,9.498998601000001596e-01
3.653696126999999905e+01,-1.751360483999999929e+01,5.451595243000000313e-01,-4.201330826999999379e-03,6.302572186999999895e-03,-3.170396301000000250e-01,9.483820428999999441e-01
3.664302528999999709e+01,-1.759405845999999940e+01,5.507178020999999868e-01,-4.265594868000000157e-03,7.724257640000000043e-03,-3.336501928000000228e-01,9.426556579000000546e-01
3.674345169000000055e+01,-1.767184179999999927e+01,5.635699302000000133e-01,-1.460918550999999819e-03,1.720686604000000106e-02,-3.349027957999999860e-01,9.420944257000000155e-01
3.684252158000000321e+01,-1.775996049999999826e+01,5.696715715000000291e-01,6.967837443999999256e-03,2.319773388999999547e-02,-3.289896355999999966e-01,9.440228461999999876e-01
3.694106573999999910e+01,-1.784883792000000113e+01,5.610330159999999955e-01,1.095941099000000141e-02,2.110173053000000132e-02,-3.390535567000000361e-01,9.404665299000000145e-01
3.703651583999999986e+01,-1.794127128999999954e+01,5.467250498000000292e-01,9.570415687000000809e-03,1.745501186000000121e-02,-3.268701600999999735e-01,9.448595812000000205e-01
3.712938957000000073e+01,-1.803100866000000124e+01,5.408379755000000122e-01,4.674732814000001103e-03,1.069952104000000161e-02,-3.279679824000000243e-01,9.446166786999999898e-01
3.721991787999999701e+01,-1.811977910999999963e+01,5.501488999000000435e-01,4.109414474000000310e-03,6.932168697000000088e-03,-3.127781758000000578e-01,9.497920142999999316e-01
3.731402417999999699e+01,-1.821312643999999992e+01,5.618576893000000183e-01,8.957161772000000327e-03,1.379075217999999915e-02,-3.215121101000000259e-01,9.467626668999998829e-01
3.740710040999999819e+01,-1.830628313000000063e+01,5.621476732000000309e-01,1.088400705000000003e-02,1.351372865999999999e-02,-3.199213495999999601e-01,9.472851986999999419e-01
3.750550482999999957e+01,-1.840108245000000053e+01,5.485129855999999471e-01,1.466563075000000028e-02,7.553333609999999913e-03,-3.290124899999999908e-01,9.441814697999998396e-01
3.760291199000000262e+01,-1.849153718999999896e+01,5.366747488999999982e-01,1.850744489999999950e-02,1.859348594999999825e-03,-3.372417220999999743e-01,9.412343162999998736e-01
3.770029035999999678e+01,-1.858283926000000008e+01,5.406368325999999502e-01,2.196437267000000276e-02,2.164433383000000100e-03,-3.468651862000000086e-01,9.376552799999999799e-01
3.779696868999999992e+01,-1.867716435000000175e+01,5.558956400000000242e-01,2.347710255000000010e-02,1.290125379999999995e-02,-3.672700946999999938e-01,9.297284877000000503e-01
3.789120940000000104e+01,-1.877442143000000030e+01,5.620045840999999820e-01,2.742673567000000409e-02,1.889363296000000011e-02,-3.671825988999999901e-01,9.295524428000000450e-01
3.798188169000000158e+01,-1.887305054999999854e+01,5.524959517999999958e-01,3.074225248999999660e-02,1.546085464000000048e-02,-3.665801541000000552e-01,9.297498946000000153e-01
3.806878257000000332e+01,-1.897292746999999835e+01,5.398360281999999843e-01,2.930078719000000012e-02,9.959364668000000864e-03,-3.645132676000000238e-01,9.306838092000000451e-01
3.815669162999999742e+01,-1.907177281999999963e+01,5.417529422000000316e-01,2.670531582000000223e-02,1.424872049000000182e-02,-3.653043977000000608e-01,9.303958819000001101e-01
3.824539524000000057e+01,-1.916868426999999997e+01,5.570346121999999456e-01,2.563223149999999811e-02,2.043431306999999794e-02,-3.676452057999999301e-01,9.293882020999998383e-01
3.833664018999999712e+01,-1.926260625999999831e+01,5.675292383000000163e-01,2.341847647000000129e-02,2.422072066000000370e-02,-3.634082196000000264e-01,9.310206214999999785e-01
3.843148036000000189e+01,-1.935450409999999977e+01,5.619605874999999973e-01,1.946490533000000064e-02,2.287276477999999891e-02,-3.683261325000000141e-01,9.292113937000001656e-01
3.852897060000000096e+01,-1.944327055999999843e+01,5.505948625000000041e-01,1.652988639000000162e-02,1.702634107000000271e-02,-3.740858751000000759e-01,9.270904080000000880e-01
3.862507588999999797e+01,-1.952675675000000055e+01,5.507269399999999981e-01,1.686243009999999903e-02,1.022122435000000044e-02,-3.837984767000000019e-01,9.232063226999999150e-01
3.871955005000000227e+01,-1.961220150999999845e+01,5.673527533000000123e-01,1.813806347000000013e-02,6.951892662999999833e-03,-3.971547019000000178e-01,9.175460884999999678e-01
3.880747786999999960e+01,-1.969784698999999861e+01,5.863586886999999637e-01,1.638437461000000206e-02,1.281337825999999923e-02,-4.066256951000000175e-01,9.133580423999999587e-01
3.889078090999999660e+01,-1.978737495000000024e+01,5.910993155999999527e-01,1.896387639999999944e-02,1.295352478999999869e-02,-4.076299513000000152e-01,9.128583681999998811e-01
3.897060316999999685e+01,-1.988347492999999844e+01,5.801074689999999867e-01,2.369628682999999972e-02,6.368520592999999709e-03,-4.131122051999999711e-01,9.103495119000000191e-01
3.904772131000000002e+01,-1.997812661000000034e+01,5.677083396000000004e-01,2.566181264000000350e-02,-2.511918410999999796e-03,-4.102654984999999921e-01,9.116015480000001503e-01
3.912481000999999736e+01,-2.007695745999999914e+01,5.719571436999999481e-01,2.366296521999999847e-02,2.873166075999999611e-04,-4.045055452999999912e-01,9.142293177000000437e-01
3.920601600999999903e+01,-2.017638236999999890e+01,5.880469615000000205e-01,1.743009532999999917e-02,7.813587448000000255e-03,-4.154512461000000600e-01,9.094148678000001373e-01
3.928606305000000276e+01,-2.027433113000000020e+01,5.963232954999999613e-01,1.409448798999999967e-02,1.324725273999999980e-02,-4.114433003999999894e-01,9.112300841999999568e-01
3.936813484999999702e+01,-2.037165184999999923e+01,5.888328167999999918e-01,1.309627692000000197e-02,1.182640190999999924e-02,-4.105573533000000386e-01,9.116640189000001504e-01
3.945482693999999668e+01,-2.046990586000000079e+01,5.732257028999999671e-01,1.294041349999999931e-02,4.026284885000000133e-03,-4.108687735000000063e-01,9.115937613000000272e-01
3.954269241000000079e+01,-2.056598212999999831e+01,5.629234917000000005e-01,1.444951656000000029e-02,-8.872843235000000195e-04,-4.188681085000000026e-01,9.079316779999999643e-01
3.962834773000000155e+01,-2.066263847000000098e+01,5.696775731000000009e-01,2.001179559999999996e-02,7.582981795999999344e-04,-4.227015166999999463e-01,9.060476702999999965e-01
3.971217837999999745e+01,-2.076264588000000089e+01,5.836734692999999696e-01,2.257009431000000024e-02,7.206947229999999954e-03,-4.412421746999999894e-01,8.970752442999999632e-01
3.979110233000000107e+01,-2.086516216000000057e+01,5.897302912999999869e-01,2.280136417999999859e-02,1.508522720000000060e-02,-4.436859986000000200e-01,8.957651859000000938e-01
3.987055395000000146e+01,-2.097057433000000159e+01,5.806196114999999658e-01,2.449345041999999653e-02,1.761810344999999861e-02,-4.484803419999999763e-01,8.932833011999999906e-01
3.994294189000000017e+01,-2.107939153999999959e+01,5.640581220999999479e-01,2.559239570999999672e-02,1.793571349999999870e-02,-4.457290997999999727e-01,8.946222157999998981e-01
4.001277703000000230e+01,-2.118583526999999833e+01,5.566671334999999665e-01,2.253857387999999920e-02,1.913902887999999886e-02,-4.378186189000000117e-01,8.985769678999999677e-01
4.008131463000000139e+01,-2.129315864000000147e+01,5.676059192000000309e-01,2.405966092999999723e-02,2.167144035999999524e-02,-4.270385923999999722e-01,9.036534301999999963e-01
4.015151012999999836e+01,-2.140010351000000099e+01,5.803163918000000532e-01,2.342616700999999857e-02,3.034816379999999772e-02,-4.324430835999999445e-01,9.008458153999998608e-01
4.022241676000000155e+01,-2.150137537999999893e+01,5.774056808999999957e-01,1.727682025999999899e-02,3.447349319000000273e-02,-4.325367381999999372e-01,9.007913519999999341e-01
4.029389410000000282e+01,-2.160339692000000156e+01,5.594532804999999831e-01,1.395535797999999938e-02,2.968112746000000496e-02,-4.412731903000000622e-01,8.967732435000000946e-01
4.036712470999999880e+01,-2.170056526000000119e+01,5.430393330999999657e-01,1.481889349000000029e-02,2.227679276000000055e-02,-4.425426621000000393e-01,8.963482231000000633e-01
4.044306894000000341e+01,-2.179695287999999920e+01,5.436678565000000463e-01,1.288134433000000072e-02,2.506408896999999525e-02,-4.481752151999999767e-01,8.935014488000000421e-01
4.052181111000000158e+01,-2.189533807999999837e+01,5.569619926000000110e-01,8.351870089999999594e-03,3.633697426000000869e-02,-4.623903635000000678e-01,8.858922182000000811e-01
4.058979467000000341e+01,-2.199495097999999871e+01,5.650768164999999676e-01,9.906799247999999863e-03,4.200567927999999257e-02,-4.595322640000000236e-01,8.871118738000000059e-01
4.065180431000000283e+01,-2.209755939000000069e+01,5.592067894000000150e-01,1.650910438000000036e-02,3.481561969999999451e-02,-4.593800758999999623e-01,8.874036668999999433e-01
4.071061734999999970e+01,-2.220108567999999849e+01,5.482002697000000202e-01,1.733285552999999993e-02,2.537662138999999956e-02,-4.540376784999999860e-01,8.904523489000000236e-01
4.076838100999999881e+01,-2.230618710999999976e+01,5.441954548999999863e-01,1.121909163999999966e-02,1.681506283999999879e-02,-4.543910168999999999e-01,8.905729556999999463e-01
4.082639086999999734e+01,-2.241309429000000009e+01,5.566605470000000055e-01,1.042934143000000084e-02,1.453007541000000090e-02,-4.496584813000000236e-01,8.930214756000000031e-01
4.088813635000000346e+01,-2.252483949000000152e+01,5.729134865999999660e-01,1.412905388000000075e-02,1.652873575999999969e-02,-4.517267622999999732e-01,8.918913067000000527e-01
4.095400297999999850e+01,-2.263381504000000177e+01,5.767922667999999531e-01,1.108700666000000078e-02,2.040653473999999926e-02,-4.552962155999999982e-01,8.900370821999999960e-01
4.102053534000000212e+01,-2.273938048999999850e+01,5.652727316000000224e-01,9.317498533000000485e-03,1.736652898000000042e-02,-4.563989588999999847e-01,8.895569560999999625e-01
4.108810445000000300e+01,-2.284571071999999958e+01,5.529384822999999782e-01,1.346020046999999928e-02,6.576460440000000095e-03,-4.579394962000000180e-01,8.888571263000000222e-01
4.115625453999999905e+01,-2.294822154999999952e+01,5.553497826000000082e-01,1.656636963999999837e-02,-3.393589144000000533e-03,-4.652873202000000763e-01,8.849981631000001236e-01
4.123100094000000126e+01,-2.304946361000000010e+01,5.703352498999999520e-01,1.737601259999999731e-02,-1.541210830000000042e-03,-4.800510502999999485e-01,8.770670942999998498e-01
4.130030731000000088e+01,-2.315124591000000009e+01,5.850354947000000472e-01,1.915618881999999953e-02,1.024241318999999893e-02,-4.859954842999999469e-01,8.736913199999999380e-01
4.136356357999999744e+01,-2.326213152000000051e+01,5.851450765000000276e-01,2.660301229999999933e-02,1.265999255000000052e-02,-4.848703454000000135e-01,8.740896707999999959e-01
4.142194530999999813e+01,-2.337395688999999877e+01,5.720787944999999874e-01,2.998354643000000069e-02,8.864588119999999155e-03,-4.991161266000000429e-01,8.659708414000000243e-01
4.147796868999999731e+01,-2.348309714999999898e+01,5.601007063999999813e-01,2.477559521999999834e-02,5.027585856999999825e-03,-4.982813378999999543e-01,8.666467570999999426e-01
4.153204681999999792e+01,-2.359213408000000101e+01,5.632368516000000325e-01,1.920168344000000235e-02,5.798670036000001284e-03,-5.017898697000000574e-01,8.647569586000000141e-01
4.158560167000000263e+01,-2.370079624999999979e+01,5.771350806999999694e-01,1.581239668000000015e-02,9.562931997000000128e-03,-5.028189383000000179e-01,8.641942107000000206e-01
4.164010910999999737e+01,-2.380761135999999922e+01,5.852602739000000165e-01,1.328813777999999883e-02,1.719868255000000026e-02,-5.098890448999999769e-01,8.599655764000000424e-01
4.169517211000000145e+01,-2.391202326999999883e+01,5.780040158999999456e-01,1.079095945000000008e-02,1.431740096000000233e-02,-5.102693912000000331e-01,8.598277244000001041e-01
4.174919357999999647e+01,-2.401404733000000036e+01,5.621725187999999651e-01,9.906469862999998932e-03,2.616898039000000158e-03,-5.061275482999999520e-01,8.623977727999999621e-01
4.180852635000000106e+01,-2.411982336999999887e+01,5.511066699000000124e-01,1.028023076000000001e-02,-6.845370707000000138e-03,-5.166791765999999564e-01,8.560899989000000376e-01
4.186868507999999878e+01,-2.422553436000000104e+01,5.555715539000000147e-01,1.048383152999999950e-02,-5.609529109000000249e-03,-5.211497667000000167e-01,8.533824132000000784e-01
4.192729674000000273e+01,-2.433484471999999954e+01,5.628983824000000080e-01,1.200883566000000152e-02,3.898952925000000007e-03,-5.363832192999999915e-01,8.438801029000000398e-01
4.197973389999999938e+01,-2.444239488999999921e+01,5.645580592000000175e-01,1.634362258000000151e-02,1.262301199000000033e-02,-5.448178139999999559e-01,8.383001224000000695e-01
4.202749107999999723e+01,-2.454764760999999851e+01,5.553504009999999935e-01,1.876016211999999989e-02,7.485839824999999947e-03,-5.458345530999999529e-01,8.376494845999999939e-01
4.206958819999999832e+01,-2.465608686999999932e+01,5.398698283999999736e-01,1.615485667999999944e-02,-9.423479222000000211e-04,-5.496788916999999497e-01,8.352192818000000463e-01
4.210899629000000033e+01,-2.476909077999999909e+01,5.301777734999999492e-01,8.301026302999999634e-03,-2.390683440000000194e-03,-5.568012529000000432e-01,8.306008322000001387e-01
4.215021847999999949e+01,-2.488785033999999996e+01,5.368987888999999791e-01,4.944759204000000012e-03,1.239044831999999881e-02,-5.766366948000000159e-01,8.168917605000000082e-01
4.218745256999999782e+01,-2.500297618000000099e+01,5.496163326999999876e-01,4.563488154999999907e-03,1.750940679999999847e-02,-5.694554663999999988e-01,8.218230144000000514e-01
4.222299968000000092e+01,-2.512205347000000089e+01,5.538985295999999670e-01,1.021594713999999897e-02,1.491447924000000036e-02,-5.751559021000000049e-01,8.178440443999999143e-01
4.225695857000000188e+01,-2.523909005999999877e+01,5.458032784999999887e-01,1.153105796000000044e-02,2.687552755000000189e-03,-5.790102634999999554e-01,8.152342770999998489e-01
4.229013762000000298e+01,-2.535792664999999957e+01,5.368193008999999627e-01,1.268195640999999867e-02,-7.644494342999999872e-03,-5.841615666999999679e-01,8.115023065999998897e-01
4.231802135000000220e+01,-2.547777450999999971e+01,5.373729427000000225e-01,1.990923405999999937e-02,-1.733010143999999877e-02,-5.984111009999999453e-01,8.007542970000000038e-01
4.234040313999999938e+01,-2.559915120000000144e+01,5.483161611000000324e-01,3.029475720999999858e-02,-2.289047748000000090e-02,-6.106501488999999117e-01,7.909896644999999671e-01
4.235953937000000025e+01,-2.571992794000000160e+01,5.575414424000000313e-01,3.483362342999999500e-02,-2.076842756000000026e-02,-6.265670869999998560e-01,7.783116192000000266e-01
4.237593154999999712e+01,-2.584419821999999911e+01,5.507325253000000531e-01,3.240646097000000198e-02,-2.098445459000000332e-02,-6.353548256000000061e-01,7.712546398999999830e-01
4.238926792000000177e+01,-2.596902406999999968e+01,5.340759631000000507e-01,2.669779299000000009e-02,-2.383809615000000159e-02,-6.389796110000000029e-01,7.683905451000000442e-01
4.240096043999999864e+01,-2.609437096999999994e+01,5.233347838999999890e-01,1.788349894999999995e-02,-2.333328928999999982e-02,-6.402310990999999785e-01,7.676196179000001063e-01
4.241192544999999825e+01,-2.622140373999999952e+01,5.302146093999999810e-01,1.366978619999999894e-02,-2.202571922999999737e-02,-6.329490512999998986e-01,7.737593314999999805e-01
4.242474181000000044e+01,-2.635348199999999963e+01,5.449604183999999796e-01,1.312274206999999859e-02,-1.749156015999999911e-02,-6.300744087999999854e-01,7.762268214999998861e-01
4.243832541999999819e+01,-2.648757574000000048e+01,5.483429578999999832e-01,1.333939150000000053e-02,-1.081567192000000045e-02,-6.318658340999999679e-01,7.748875077000000333e-01
4.245298938999999905e+01,-2.662114064000000013e+01,5.350568888000000189e-01,1.186536879000000058e-02,-1.080796285000000002e-02,-6.289795534000000021e-01,7.772561498000000180e-01
4.246642737999999895e+01,-2.675669067999999839e+01,5.207123881999999870e-01,1.302698029999999930e-02,-1.621462666999999927e-02,-6.335552708999999671e-01,7.734178057999999689e-01
4.248047352999999760e+01,-2.689415074000000061e+01,5.230810592000000314e-01,1.639263998999999569e-02,-1.636358767999999964e-02,-6.410909897000000024e-01,7.671152828999998619e-01
4.249263201000000123e+01,-2.703513564000000002e+01,5.384727920999999862e-01,2.090691361999999845e-02,-3.320098541000000066e-03,-6.652206590000000475e-01,7.463466706000000395e-01
4.250180998999999815e+01,-2.717063518000000144e+01,5.497058612999999871e-01,2.644381579999999926e-02,1.000064523999999976e-02,-6.687467160000000188e-01,7.429525836000000494e-01
4.250290844999999962e+01,-2.730311863000000017e+01,5.464697229999999628e-01,3.070936782999999712e-02,1.069795198999999933e-02,-6.659989963000000346e-01,7.452434672000000093e-01
4.249950696999999877e+01,-2.743461244999999948e+01,5.340861268000000051e-01,2.671997771999999952e-02,7.369481756999999786e-03,-6.715523601999999759e-01,7.404384924000001478e-01
4.249756991999999656e+01,-2.756144680999999963e+01,5.250188573999999830e-01,2.002449304000000069e-02,6.067826894000000020e-03,-6.661193894000000393e-01,7.455515811999999798e-01
4.249283096999999998e+01,-2.769038837000000086e+01,5.311045992999999799e-01,1.945209468000000039e-02,1.015270260000000063e-02,-6.593646053999999701e-01,7.515030644000001425e-01
4.248974000999999845e+01,-2.782057019000000153e+01,5.462252921000000372e-01,2.399042308999999734e-02,1.866542063999999945e-02,-6.580317802999999799e-01,7.523763936999999791e-01
4.248940603999999865e+01,-2.795025400999999832e+01,5.507613715000000409e-01,2.852161121999999965e-02,2.402660520999999952e-02,-6.565381832000000140e-01,7.533703297999999604e-01
4.248948244999999702e+01,-2.807658254000000042e+01,5.385426775999999638e-01,2.957076030999999591e-02,2.041096719000000045e-02,-6.544335332999999810e-01,7.552653261999999756e-01
4.249103463000000147e+01,-2.820265076000000093e+01,5.197807150000000043e-01,2.962510913000000051e-02,1.010336356000000012e-02,-6.544922353000000026e-01,7.554205377999999582e-01
4.249532950999999770e+01,-2.833044531000000177e+01,5.130856690999999747e-01,3.253043996999999826e-02,7.819885508000000082e-03,-6.598219354000000036e-01,7.506767836000000083e-01
4.249917495999999772e+01,-2.846439098999999828e+01,5.213750852999999852e-01,3.631783167000000173e-02,1.805905810000000070e-02,-6.731516336999998629e-01,7.383913349999999820e-01
4.250115507000000292e+01,-2.859354180000000056e+01,5.328670079999999754e-01,4.109111714000000803e-02,2.944161895000000154e-02,-6.801761468000000477e-01,7.313037128999999581e-01
4.249519850000000076e+01,-2.872138393999999906e+01,5.354272516000000426e-01,4.671809306000000717e-02,2.704650512000000492e-02,-6.786294234000000980e-01,7.324943768000000688e-01
4.248259909000000079e+01,-2.884633854000000142e+01,5.271468231000000504e-01,4.425292059999999528e-02,1.675350931999999501e-02,-6.848270584000000216e-01,7.271677240999999681e-01
4.247169249000000235e+01,-2.896799087999999855e+01,5.203222395000000056e-01,3.677029430999999987e-02,1.125330440000000057e-02,-6.809910531999999739e-01,7.312814054999999813e-01
4.246105593000000056e+01,-2.909441825000000037e+01,5.260776755999999610e-01,3.160166425000000140e-02,1.593607060999999853e-02,-6.782456050999999819e-01,7.339824764000000279e-01
4.245380867000000080e+01,-2.922418491000000174e+01,5.398852160999999539e-01,3.137496195000000210e-02,2.695924608999999972e-02,-6.786054795999999500e-01,7.333371761000000433e-01
4.244772224999999821e+01,-2.935304149999999979e+01,5.462499096999999804e-01,3.675728696000000323e-02,3.607888090999999964e-02,-6.727494094000000535e-01,7.380755031999999272e-01
4.244144822999999889e+01,-2.948113246999999859e+01,5.406139877000000205e-01,4.024685774999999660e-02,3.587053926000000753e-02,-6.699290934000000641e-01,7.404650596999999834e-01
4.243750036000000136e+01,-2.960697874999999968e+01,5.295212904999999637e-01,3.717825663000000336e-02,2.712340169000000342e-02,-6.743379051000000235e-01,7.369874409000000126e-01
4.243570373000000018e+01,-2.972904780000000002e+01,5.267597711000000515e-01,3.381989935000000169e-02,1.857306892999999876e-02,-6.739731499000000126e-01,7.377475507999999849e-01
4.243207574000000193e+01,-2.985490777000000051e+01,5.402323149000000102e-01,3.292732525000000715e-02,1.692638685999999990e-02,-6.831662354999999964e-01,7.293237849999999467e-01
4.242796610999999984e+01,-2.997919948999999917e+01,5.586155010000000143e-01,3.379922920999998970e-02,2.224655181999999828e-02,-6.984656290999999850e-01,7.144987529999998754e-01
4.241790268999999824e+01,-3.010069602000000089e+01,5.659880342999999980e-01,3.700223247000000021e-02,1.920283081999999905e-02,-6.969998826000000092e-01,7.158584006000000555e-01
4.240331550999999877e+01,-3.022183142000000089e+01,5.574534178000000173e-01,3.632265987000000279e-02,8.102493582999999513e-03,-7.023565350999999568e-01,7.108518210999998921e-01
4.238380448000000200e+01,-3.034562325999999999e+01,5.462184552000000082e-01,2.972304834000000229e-02,6.665930602000000879e-04,-7.078534650000000150e-01,7.057333548999999984e-01
4.236413026000000315e+01,-3.046863589999999888e+01,5.440415696999999495e-01,1.993538057000000113e-02,-5.476740723999999616e-03,-7.194994728000000395e-01,6.941852018999999929e-01
4.234359520999999660e+01,-3.059709841000000097e+01,5.537167280000000469e-01,2.195920868000000165e-02,-7.979242598999999880e-03,-7.134081832999999984e-01,7.003591141999999659e-01
4.232232429999999823e+01,-3.072958711000000065e+01,5.626581558000000038e-01,3.174229125999999956e-02,-2.966113247000000137e-03,-7.214696461999999810e-01,6.917117742999999708e-01
4.230618239999999730e+01,-3.086025442000000041e+01,5.573432398000000010e-01,3.068785960999999632e-02,-5.994351034999999620e-04,-7.252949442999998553e-01,6.877536911999998503e-01
4.229279529000000082e+01,-3.099122557999999827e+01,5.394375612999999792e-01,2.598616012000000072e-02,-4.432312168999999642e-03,-7.352107742000000279e-01,6.773257647999999520e-01
4.227996478000000025e+01,-3.111383509999999930e+01,5.279866084000000015e-01,2.537490741999999522e-02,-1.113825444000000019e-02,-7.506012934999999331e-01,6.601740312999998528e-01
4.226267029000000264e+01,-3.123857668000000132e+01,5.379245524000000334e-01,2.659198404000000238e-02,-1.846501408999999885e-02,-7.565828765000001122e-01,6.530959045999999990e-01
4.224461923999999868e+01,-3.136546093000000113e+01,5.565456471999999932e-01,2.886474230999999668e-02,-1.158591460000000031e-02,-7.768029260000000047e-01,6.289752041999999710e-01
4.222280698000000143e+01,-3.149058348000000152e+01,5.644132179999999943e-01,3.118073023999999929e-02,-4.933298021999999936e-03,-7.732064577999999688e-01,6.333681381000000332e-01
4.219786226000000084e+01,-3.161764708000000113e+01,5.548290861000000351e-01,3.017396341000000079e-02,-4.668734844000000002e-03,-7.806248833000000165e-01,6.242535754000000381e-01
4.217015443999999746e+01,-3.174501241000000107e+01,5.411562330000000420e-01,2.898583599000000011e-02,-4.247663106999999619e-03,-7.776811137000001484e-01,6.279760060000001420e-01
4.213827484000000112e+01,-3.186934357000000162e+01,5.373306553000000152e-01,2.583278611999999946e-02,-4.035979259000000569e-03,-7.777638988999999725e-01,6.280124963000000005e-01
4.210470663000000258e+01,-3.199556343000000069e+01,5.485177491999999599e-01,2.899920527999999900e-02,2.278830514000000033e-03,-7.787482481999999928e-01,6.266618058999999796e-01
4.207514159000000120e+01,-3.212095200000000261e+01,5.605544848000000302e-01,3.036817537000000011e-02,1.221854646999999926e-02,-7.832248996999999768e-01,6.208761854000000024e-01
4.204635918999999689e+01,-3.224202702000000187e+01,5.601975934999999795e-01,2.651388949999999856e-02,1.423383677000000097e-02,-7.852167696000000863e-01,6.184893178000000491e-01
4.202052625999999691e+01,-3.236460708999999980e+01,5.521236453000000211e-01,1.984787685999999871e-02,6.484333935999999840e-03,-7.931732967000000301e-01,6.086379355999999019e-01
4.199663575999999665e+01,-3.248488202000000058e+01,5.503085022999999465e-01,1.393486249000000163e-02,-1.483667826000000097e-03,-8.017687797000000449e-01,5.974700345000000246e-01
4.197130217000000130e+01,-3.260980829999999742e+01,5.647372430999999526e-01,1.176601227000000083e-02,-5.862991203999999741e-03,-8.084054817000000392e-01,5.884791954000000436e-01
4.194661544000000220e+01,-3.273544869999999918e+01,5.828036392000000010e-01,1.363214412999999743e-02,-1.400268344000000012e-03,-8.180504440000000432e-01,5.749831953999999801e-01
4.191497391000000050e+01,-3.286198784999999845e+01,5.893013912000000243e-01,2.097166007999999582e-02,2.075503462999999695e-03,-8.150624601999999497e-01,5.789896957000000288e-01
4.187962173999999749e+01,-3.298673292000000146e+01,5.804380954000000203e-01,2.388519870000000225e-02,-5.140608508999999771e-03,-8.196061348000001079e-01,5.724061978000000162e-01
4.184220335999999918e+01,-3.310940725999999756e+01,5.669069633000000108e-01,1.979494044000000216e-02,-1.217014917000000009e-02,-8.135454102000001519e-01,5.810369294999999656e-01
4.180488826999999930e+01,-3.323431895000000225e+01,5.597642353999999765e-01,1.191741546999999790e-02,-1.204634294999999862e-02,-8.156400754999998393e-01,5.783114455000000209e-01
4.176805502999999931e+01,-3.336317361999999775e+01,5.678427342999999849e-01,1.056412039000000080e-02,-3.639942834999999877e-03,-8.103487472000000524e-01,5.858413249999999683e-01
4.173125974999999954e+01,-3.349479960000000034e+01,5.794349614999999565e-01,1.351918612999999936e-02,7.016041372000000019e-03,-8.133359020999999522e-01,5.815949768999998382e-01
4.169713016000000039e+01,-3.362885473000000047e+01,5.782166890000000059e-01,1.359478018999999913e-02,1.273747186999999934e-02,-8.114237838000000202e-01,5.841612635999999803e-01
4.166115415000000155e+01,-3.376719047999999646e+01,5.629270470999999665e-01,1.308523729999999836e-02,1.119269822000000005e-02,-8.108923719999999724e-01,5.849419297000000295e-01
4.163204787000000096e+01,-3.389906643999999858e+01,5.524657536999999508e-01,1.631353702999999850e-02,8.545645972000000604e-03,-8.127006894999999620e-01,5.823902726999999890e-01
4.159949643000000208e+01,-3.403959751000000011e+01,5.582095865999999740e-01,2.196015604000000482e-02,9.006316124000001561e-03,-8.105471481000000589e-01,5.851922407000000881e-01
4.156528285000000267e+01,-3.417711129999999997e+01,5.714009719000000542e-01,2.938552695000000090e-02,1.856855170999999888e-02,-8.226930981000000198e-01,5.674220351999998968e-01
4.152570817000000147e+01,-3.431229472999999786e+01,5.780437236000000034e-01,3.591350858999999701e-02,2.383932429000000172e-02,-8.172230328999999793e-01,5.747072481999999649e-01
4.148452174999999897e+01,-3.444099961999999948e+01,5.713142223999999603e-01,3.577722400999999719e-02,1.825259637999999962e-02,-8.198278441999999888e-01,5.711997363999999910e-01
4.144193199000000050e+01,-3.456721427000000091e+01,5.582529541999999845e-01,2.886470106000000105e-02,1.120238888999999967e-02,-8.112091305999999946e-01,5.839358542999999457e-01
4.139934662999999659e+01,-3.469402765000000244e+01,5.523014613000000184e-01,2.399659289000000140e-02,1.049070847999999771e-02,-8.127911813999999513e-01,5.819661536000000357e-01
4.135665474999999702e+01,-3.482009314999999816e+01,5.620837364999999863e-01,3.058352618000000425e-02,1.499676230999999818e-02,-8.097460209000000297e-01,5.857910265000000338e-01
4.131386359999999769e+01,-3.495063380999999936e+01,5.751433311000000437e-01,3.621324268000000041e-02,1.935121764000000133e-02,-8.058550575999999799e-01,5.906875296000000386e-01
4.127193083000000229e+01,-3.507828099000000321e+01,5.737456941999999893e-01,3.560762979999999855e-02,1.953740039000000095e-02,-8.092996558999999701e-01,5.859901481000000523e-01
4.123448855000000179e+01,-3.520729321000000311e+01,5.608983532000000327e-01,2.919421278999999661e-02,1.176721374999999820e-02,-8.082080456000000357e-01,5.880552572999998562e-01
4.119958385000000334e+01,-3.533200818000000254e+01,5.533246926999999538e-01,2.507954118999999871e-02,3.101294281999999840e-03,-8.144151797000001025e-01,5.797321050000000531e-01
4.116250387000000188e+01,-3.546020793999999654e+01,5.640576518000000039e-01,2.727838211999999984e-02,1.608701243000000038e-04,-8.172878563000000041e-01,5.755835508000000100e-01
4.112373894000000263e+01,-3.558385674000000165e+01,5.822644520999999962e-01,3.080092250999999504e-02,3.072855457000000113e-03,-8.291019164999999802e-01,5.582399778000000090e-01
4.107952524000000238e+01,-3.570674869999999856e+01,5.896799109999999455e-01,3.559164610999999978e-02,2.044548171999999945e-03,-8.234907207999999645e-01,5.662085193000000460e-01
4.103252355000000051e+01,-3.582928159000000079e+01,5.792847988999999531e-01,3.398481848999999888e-02,-2.390850370000000176e-03,-8.305678426000001613e-01,5.558744235000000478e-01
4.098337555999999893e+01,-3.595227105000000023e+01,5.645727663999999812e-01,2.815559126999999870e-02,-4.218623663000000724e-03,-8.264935693000000638e-01,5.622257961000001192e-01
4.093692704000000049e+01,-3.607042404999999974e+01,5.574374476000000245e-01,1.854810770000000011e-02,-4.300666950000000405e-03,-8.274474939999999501e-01,5.612202032999998869e-01
4.088660751999999832e+01,-3.619089813000000078e+01,5.642916627999999823e-01,2.385463733000000100e-02,-4.401624213000000264e-03,-8.220175982999999853e-01,5.689452083999999576e-01
4.083730271999999673e+01,-3.631706308999999777e+01,5.728700798000000427e-01,3.064502228999999717e-02,-8.684873801000000124e-04,-8.242682228000000055e-01,5.653689283999999704e-01
4.079165849999999693e+01,-3.644190440999999936e+01,5.685998651000000459e-01,2.884693207999999842e-02,5.591392347999999193e-04,-8.220180475999998571e-01,5.687300512999999835e-01
4.074860197999999656e+01,-3.656731049999999783e+01,5.548147790999999884e-01,2.184420076000000155e-02,-6.986397081999999766e-03,-8.258172587000000009e-01,5.634712737999999499e-01
4.071327569999999696e+01,-3.668149939999999987e+01,5.506909440999999683e-01,1.675547946000000010e-02,-1.842878817999999905e-02,-8.275332226999999596e-01,5.608639755000000005e-01
4.067249766999999849e+01,-3.680638718000000154e+01,5.681311495999999961e-01,1.927936625999999987e-02,-1.930411321000000124e-02,-8.284192686000000361e-01,5.594436278000000096e-01
4.063032255000000248e+01,-3.692732405000000284e+01,5.892018691000000530e-01,2.098213272999999851e-02,-1.296523106999999952e-02,-8.416530778999999907e-01,5.394550485000000339e-01
4.058504967999999735e+01,-3.704688939999999775e+01,5.975696954000000449e-01,2.333126039000000054e-02,-8.426861161999999253e-03,-8.380759577999999932e-01,5.449892926999999609e-01
4.053705149000000318e+01,-3.716525021999999723e+01,5.887599655999999904e-01,2.113649450999999929e-02,-1.007465981999999989e-02,-8.403028471000000277e-01,5.416113688999998343e-01
4.048468175000000002e+01,-3.728413341000000258e+01,5.736961908000000054e-01,1.702719793000000148e-02,-1.046185426000000029e-02,-8.360778905000000316e-01,5.482466462999999735e-01
4.042683075000000059e+01,-3.740885680000000235e+01,5.701849648000000270e-01,1.878532496999999954e-02,-3.046463615000000267e-03,-8.404660525999999576e-01,5.415299114999999608e-01
4.037096671999999842e+01,-3.752487072000000268e+01,5.847016662999999781e-01,2.240730374000000219e-02,4.606151836000000298e-03,-8.359787797000000076e-01,5.482847581000001025e-01
4.031684946000000025e+01,-3.764822920000000295e+01,5.993829431999999624e-01,2.454816846999999941e-02,1.083839405999999922e-02,-8.286362008000000001e-01,5.591439558999999893e-01
4.026916437999999943e+01,-3.776557446999999712e+01,6.000081166999999827e-01,2.128022608999999982e-02,1.386602584999999978e-02,-8.304284820999999761e-01,5.565459741999999599e-01
4.022334810000000260e+01,-3.788576630000000023e+01,5.915763439000000234e-01,1.400457659000000146e-02,1.287367359000000065e-02,-8.228873776000000806e-01,5.678859956999999792e-01
4.018036926999999991e+01,-3.800497640999999760e+01,5.882421423999999455e-01,6.873194406000000117e-03,1.327893397999999926e-02,-8.297700180000000536e-01,5.579051410000001043e-01
4.013403010999999765e+01,-3.812533232999999910e+01,6.003744630999999776e-01,6.497575290999999496e-03,1.490745819999999937e-02,-8.308484022000000024e-01,5.562611632999999722e-01
4.008439895000000064e+01,-3.824287441999999970e+01,6.150382012999999759e-01,1.061058567000000043e-02,2.014867428000000071e-02,-8.359937401999999462e-01,5.482662790000000230e-01
4.002592148000000094e+01,-3.835589539000000059e+01,6.241404968000000553e-01,1.816401361000000159e-02,1.975566010999999997e-02,-8.337973749000001655e-01,5.514179179000000541e-01
3.996368240000000327e+01,-3.846761415000000284e+01,6.187030840999999670e-01,1.922055766999999915e-02,1.163664172999999934e-02,-8.396031603000000398e-01,5.427353793000000426e-01
3.990017790000000275e+01,-3.857798094999999705e+01,6.075452912000000039e-01,1.494852789000000043e-02,4.690764630999999692e-03,-8.363285912000000266e-01,5.480045854999999744e-01
3.983662145000000265e+01,-3.868677739000000315e+01,6.031376457999999552e-01,8.283728694000000448e-03,1.269554292999999908e-03,-8.355080635999999616e-01,5.494142733000000334e-01
3.976776462000000123e+01,-3.880195218000000068e+01,6.150597696999999808e-01,8.205257711999999412e-03,2.604966552000000189e-03,-8.325233682999999552e-01,5.539230353999999856e-01
3.970039163999999943e+01,-3.892130532000000187e+01,6.280392573999999950e-01,1.519832523999999942e-02,7.160971446000000303e-03,-8.354361130999999885e-01,5.493307130000000260e-01
3.963694205000000181e+01,-3.903957788000000306e+01,6.259829251999999844e-01,1.851606704000000395e-02,6.399813522000000372e-03,-8.302807882000000639e-01,5.570009070000000451e-01
3.957281738999999732e+01,-3.916478834000000120e+01,6.105144940000000187e-01,1.841764603999999916e-02,4.672352564000000082e-04,-8.317678847999998570e-01,5.548177699999999879e-01
3.951326490000000291e+01,-3.927712696999999764e+01,6.011305505999999799e-01,2.024617638999999525e-02,-8.590899936000000528e-03,-8.344539761999998362e-01,5.506385842000000030e-01
3.944996612999999996e+01,-3.939825159000000099e+01,6.108176166000000018e-01,2.554676715999999737e-02,-1.586488038000000156e-02,-8.372791256999999598e-01,5.459481055999999555e-01
3.938625694000000266e+01,-3.951175305000000293e+01,6.279146706999999550e-01,3.382706649000000870e-02,-1.617584904999999976e-02,-8.469088060000000695e-01,5.304145037000000951e-01
3.932072380999999694e+01,-3.962237657000000013e+01,6.353572330000000212e-01,3.733799657999999771e-02,-1.758649416000000049e-02,-8.470643973000000493e-01,5.298853611999999602e-01
3.925560081999999795e+01,-3.973126022000000290e+01,6.295484775999999894e-01,3.512707611000000923e-02,-1.786609243999999833e-02,-8.564262340999999612e-01,5.147630491000000363e-01
3.919114481999999811e+01,-3.984205452999999864e+01,6.172857837999999875e-01,3.113025802999999994e-02,-1.542678658999999987e-02,-8.542041795000000493e-01,5.187756171999999832e-01
3.912587382000000247e+01,-3.994764582999999902e+01,6.120554348000000200e-01,2.517004397000000004e-02,-1.533881429999999976e-02,-8.550143925999998951e-01,5.177659491999999641e-01
3.905870415999999778e+01,-4.005449747000000116e+01,6.226519576000000278e-01,2.592517899999999612e-02,-1.505388757000000050e-02,-8.447699731000000156e-01,5.342892084000000485e-01
3.899222744000000063e+01,-4.016801911000000302e+01,6.351641614999999907e-01,3.143984838999999004e-02,-9.955791301999998219e-03,-8.452374747999998883e-01,5.333723177000000426e-01
3.892910643999999820e+01,-4.028293122000000182e+01,6.333744289999999610e-01,2.989363227999999525e-02,-4.118964366000000404e-03,-8.445242374000000440e-01,5.346664542999999270e-01
3.886284575999999902e+01,-4.040341655999999659e+01,6.180658226999999894e-01,2.895020426000000438e-02,-1.726389278000000022e-03,-8.487425926999999648e-01,5.280103376000000459e-01
3.880030657999999733e+01,-4.051586626000000280e+01,6.068559114999999560e-01,3.042552351000000002e-02,-6.157241086999999148e-03,-8.504368403999998938e-01,5.251605053999999217e-01
3.873260330000000096e+01,-4.063706793000000062e+01,6.164591782999999658e-01,3.676760326999999745e-02,-6.352339898999999693e-03,-8.484297709999999437e-01,5.279912071000000262e-01
3.866200671000000000e+01,-4.075705019000000107e+01,6.343607288000000510e-01,4.099450274000000088e-02,2.488520968000000177e-03,-8.639889981999999691e-01,5.018329094000000268e-01
3.858990983000000341e+01,-4.087236959999999897e+01,6.436287903999999838e-01,4.413389122999999969e-02,8.892775828000002228e-03,-8.570673160999999762e-01,5.132336055000000785e-01
3.851006670999999670e+01,-4.099194013000000325e+01,6.361264208000000364e-01,4.407828787000000331e-02,7.551856996000001244e-03,-8.604313840999999741e-01,5.076001449999999471e-01
3.842827713999999872e+01,-4.109765560000000306e+01,6.241234630999999977e-01,4.167363578999999651e-02,4.457126264000000303e-03,-8.562003432000000469e-01,5.149411755999999674e-01
3.834312193000000235e+01,-4.120628219999999686e+01,6.219182380000000121e-01,3.875762995000000405e-02,4.772139875999999864e-03,-8.499419456999999234e-01,5.254272183000000540e-01
3.825741252000000259e+01,-4.131833439999999769e+01,6.375598882999999883e-01,4.842449771000000014e-02,1.723467429000000162e-02,-8.549227497000000398e-01,5.162026016999999856e-01
3.817700623000000348e+01,-4.143238840000000067e+01,6.511518326999999884e-01,5.141472843999999459e-02,3.174203270999999965e-02,-8.538340146999999769e-01,5.170265414000000392e-01
3.810274127999999649e+01,-4.154314253999999806e+01,6.474190923999999514e-01,4.800459516000001037e-02,3.712257403000000094e-02,-8.527776966000001346e-01,5.187366128000001630e-01
3.802987050000000124e+01,-4.165529880999999790e+01,6.331862605000000421e-01,4.008853742000000053e-02,3.226310738000000289e-02,-8.534001608000000294e-01,5.187100987999999635e-01
3.796243213000000338e+01,-4.176185540000000174e+01,6.237177336000000460e-01,3.175206886999999700e-02,2.427777090999999957e-02,-8.511922244999999831e-01,5.233299083000000351e-01
3.789153177000000028e+01,-4.187659636000000063e+01,6.336731595000000272e-01,3.514463664999999126e-02,2.523942185999999976e-02,-8.476063259999998545e-01,5.288585275999999613e-01
3.781404013000000219e+01,-4.199145967999999840e+01,6.522005892000000138e-01,4.373671795999999057e-02,3.107682993999999824e-02,-8.527152596999998391e-01,5.196133332000000271e-01
3.772999914999999760e+01,-4.210065208000000325e+01,6.582031994000000497e-01,5.155496062000000657e-02,2.652247194000000030e-02,-8.490545059999999866e-01,5.251143593999999526e-01
3.764102433000000048e+01,-4.220804635999999732e+01,6.477141567999999960e-01,5.224999276999999637e-02,1.721086994999999897e-02,-8.539207181999999285e-01,5.174873246000000204e-01
3.755451438000000053e+01,-4.231115643999999776e+01,6.380606367000000168e-01,4.798876525000000254e-02,1.304954632999999996e-02,-8.522828035999999718e-01,5.207118305000000280e-01
3.746808791000000127e+01,-4.241541198000000179e+01,6.428786560999999455e-01,4.483366210999999851e-02,1.538362902000000101e-02,-8.482993741000001142e-01,5.273911817999999974e-01
3.738621478999999681e+01,-4.252831095999999889e+01,6.609447964000000342e-01,5.003575807000000542e-02,2.356966264000000255e-02,-8.515076256000001509e-01,5.214169709000000541e-01
3.731399405999999885e+01,-4.263963729999999686e+01,6.733349322999999664e-01,5.077236245000000397e-02,2.972670581000000367e-02,-8.529926299000001322e-01,5.185962432000000844e-01
3.724784400000000062e+01,-4.274862499000000327e+01,6.712570047000000484e-01,4.432320784000001040e-02,2.608395057000000017e-02,-8.520865704000001317e-01,5.208680804999999969e-01
3.718009931999999651e+01,-4.285852598000000313e+01,6.668072536000000383e-01,3.748848107000000290e-02,1.498906879000000067e-02,-8.552528663999999781e-01,5.166357286999999632e-01
3.711489688000000342e+01,-4.296257811000000260e+01,6.751210415999999714e-01,3.258960879000000199e-02,1.854860717999999792e-03,-8.589587832999998618e-01,5.110032146999998748e-01
3.704425956000000042e+01,-4.307172273999999845e+01,6.979327676000000036e-01,-3.673359689000000455e-02,4.480821398000000427e-03,8.685522780000000109e-01,-4.942140280000000274e-01
3.697128365999999744e+01,-4.318067762999999815e+01,7.194931430000000017e-01,-4.364068154999999755e-02,3.433457503999999723e-03,8.750708808999999588e-01,-4.820110536000000723e-01
3.689688895999999829e+01,-4.328709385999999881e+01,7.244471196999999751e-01,-4.588456575000000176e-02,5.966922665000000750e-03,8.767695615000000720e-01,-4.786795781000000027e-01
3.681896914000000010e+01,-4.339327904999999674e+01,7.149837706999999654e-01,-4.271465284999999973e-02,8.859728223999999847e-03,8.777225121999999713e-01,-4.771793742000000615e-01
3.674064707000000141e+01,-4.350101338000000339e+01,7.060612680000000196e-01,-3.615364571000000138e-02,5.899484272999999321e-03,8.806704282999998634e-01,-4.723110275999999885e-01
3.666372907000000225e+01,-4.360729266999999965e+01,7.123539340000000220e-01,-3.538501579000000175e-02,-2.523521639999999969e-03,8.804958510000000516e-01,-4.727246437999999551e-01
3.658645552000000123e+01,-4.371663628999999673e+01,7.291613391000000277e-01,-3.736365366999999660e-02,-7.956646604999999262e-03,8.797079504000000494e-01,-4.739773950999999763e-01
3.650863114999999937e+01,-4.382465619999999973e+01,7.367853588999999648e-01,-3.830594028999999984e-02,-8.445679084999999434e-03,8.793932732000000474e-01,-4.744773930000000250e-01
3.643466237999999890e+01,-4.393219832999999852e+01,7.307459266000000397e-01,-3.205154937000000148e-02,-3.556315290000000573e-03,8.769114570999999581e-01,-4.795689181000000745e-01
3.636043068000000034e+01,-4.404658606999999648e+01,7.211332536000000237e-01,-2.533952056999999938e-02,4.470716133999999911e-03,8.807768660000001582e-01,-4.728319296999999866e-01
3.628534833999999876e+01,-4.415294231000000025e+01,7.236971959000000343e-01,-2.038716763999999862e-02,1.447519163000000192e-02,8.792998033000000158e-01,-4.756119092000000159e-01
3.620184005000000127e+01,-4.426732347000000090e+01,7.426760785999999559e-01,-2.535824818999999480e-02,1.919916211999999484e-02,8.878367155999998817e-01,-4.590580766999999285e-01
3.611573750000000160e+01,-4.437556081999999691e+01,7.621437770000000222e-01,-3.045033324000000208e-02,1.378655748000000118e-02,8.936070802000000146e-01,-4.476037247000000385e-01
3.602337829999999741e+01,-4.449004425999999768e+01,7.655996009000000102e-01,-3.309320245999999854e-02,7.018191979000000004e-03,8.983402748000001159e-01,-4.379958167999999930e-01
3.592884332999999941e+01,-4.459537844999999834e+01,7.519937329000000448e-01,-3.158329976000000261e-02,7.767262955000000559e-03,8.977520025999999875e-01,-4.392988807000000051e-01
3.583631491999999952e+01,-4.469539987000000281e+01,7.400577588000000206e-01,-2.779344158000000148e-02,8.802395953999999842e-03,8.923356124999999306e-01,-4.504300135999999566e-01
3.574300895999999739e+01,-4.479268443000000133e+01,7.445943417999999481e-01,-2.738077763999999595e-02,5.709923756999999572e-03,8.893960938999998511e-01,-4.562809198999999705e-01
3.565107636999999841e+01,-4.489350802999999956e+01,7.644127281000000496e-01,-3.103188942000000006e-02,-2.673401164000000375e-03,8.913232058000001290e-01,-4.522972668000000418e-01
3.556366251000000034e+01,-4.499304186999999899e+01,7.754939816000000485e-01,-3.356997429999999949e-02,-9.287190274000000495e-03,8.871905882999998605e-01,-4.600865841999999817e-01
3.547804219999999731e+01,-4.509359262000000257e+01,7.678181275000000028e-01,-3.000314156999999912e-02,-6.481703273000000327e-03,8.853721005000000366e-01,-4.638685618999999760e-01
3.539429192000000057e+01,-4.519677358999999939e+01,7.556320505000000409e-01,-2.496290534000000089e-02,-2.478536989999999881e-03,8.870375345000001133e-01,-4.610153170999999883e-01
3.531291540000000140e+01,-4.530092350000000323e+01,7.548128165999999917e-01,-2.498258846000000338e-02,1.140187524000000046e-03,8.854621494000000093e-01,-4.640380935999999790e-01
3.522407194000000175e+01,-4.540701099000000340e+01,7.686631403999999446e-01,-3.678166845999999990e-02,6.863787531999999492e-04,8.831858631000000237e-01,-4.675781956000000239e-01
3.513175410000000198e+01,-4.551105794000000060e+01,7.810017523000000184e-01,-4.342093897000000313e-02,-5.901551403000001098e-03,8.893431251000000204e-01,-4.551358035000000468e-01
3.503855709999999846e+01,-4.561071883999999699e+01,7.777892962000000354e-01,-4.419834132000000082e-02,-6.410182371000000198e-03,8.905033501000001461e-01,-4.527794160999999984e-01
3.494445858000000271e+01,-4.570865773999999959e+01,7.652214140999999969e-01,-3.932981007999999945e-02,-4.903659599999999653e-03,8.921217503999999687e-01,-4.500532219000000778e-01
3.485145669999999996e+01,-4.580551796999999681e+01,7.586924007999999997e-01,-2.924501897999999891e-02,-5.833363868999999827e-03,8.895036211000000304e-01,-4.559539546999999415e-01
3.475802201999999852e+01,-4.589921505000000224e+01,7.661631926999999953e-01,-2.478860780000000097e-02,-2.800099630999999985e-03,8.830105777000001321e-01,-4.686896671000000403e-01
3.466377767000000176e+01,-4.600141866999999962e+01,7.784657891999999801e-01,-3.306769930999999690e-02,-6.171016821999999839e-03,8.829084159000000209e-01,-4.683387395999999425e-01
3.457095434000000012e+01,-4.610486233000000311e+01,7.798611927999999915e-01,-3.523762903000000196e-02,-1.070161751000000064e-02,8.840197067999999714e-01,-4.659967199000000226e-01
3.447794483999999926e+01,-4.620741430999999722e+01,7.672534950999999603e-01,-3.469450730999999732e-02,-5.912919436999999542e-03,8.849009780000000047e-01,-4.644476155999999190e-01
3.438408572000000163e+01,-4.631135249999999814e+01,7.553814441999999740e-01,-3.176988311000000093e-02,4.721806038999999677e-03,8.910689548000000348e-01,-4.527300484999999819e-01
3.429399656999999735e+01,-4.640890135000000072e+01,7.620364964000000407e-01,-3.482523735000001008e-02,1.253759736000000131e-02,8.927326252999999712e-01,-4.490639947000000243e-01
3.419850290000000115e+01,-4.651084062999999702e+01,7.818579146999999896e-01,-3.981809929999999970e-02,1.478874087000000073e-02,8.995452996999999673e-01,-4.347574793000000271e-01
3.410440466000000015e+01,-4.660851745000000079e+01,7.947667621999999765e-01,-4.138252415000000933e-02,1.416188741999999980e-02,9.034419485000001471e-01,-4.264734144999999810e-01
3.401183656999999982e+01,-4.670706307999999751e+01,7.892702027000000342e-01,-3.615058818999999923e-02,1.611254313000000035e-02,9.058119110000000251e-01,-4.218273377000000268e-01
3.391737570000000090e+01,-4.680479326999999756e+01,7.758978494999999587e-01,-2.832113891999999550e-02,1.760172365000000141e-02,9.065066979999999441e-01,-4.208725446999999620e-01
3.382318980000000153e+01,-4.690026632000000006e+01,7.713062150999999700e-01,-2.272533382999999615e-02,1.511684746000000086e-02,9.062921223000001136e-01,-4.217696400000000012e-01
3.372995894999999678e+01,-4.699708786000000060e+01,7.825438390000000188e-01,-2.444476169000000393e-02,9.958661467000001766e-03,9.022797814999999888e-01,-4.303422760999999763e-01
3.363434388000000297e+01,-4.709766004000000095e+01,7.958560971999999456e-01,-3.160556467000000258e-02,3.739650977000000612e-03,9.035731548000000002e-01,-4.272501108000000269e-01
3.354345101999999912e+01,-4.719884854000000018e+01,7.964986974000000108e-01,-3.476298796999999913e-02,2.502341668999999869e-03,9.000838343999999491e-01,-4.343205775000000268e-01
3.345063153000000256e+01,-4.730329140999999993e+01,7.821693870000000492e-01,-3.276924091999999789e-02,5.471115839000000036e-03,9.013237223999999159e-01,-4.318701092000000741e-01
3.336221365000000105e+01,-4.741068120999999991e+01,7.716426816000000466e-01,-3.158887910000000160e-02,6.278090879999999145e-03,9.057831955999998685e-01,-4.225157166999999880e-01
3.327385368000000199e+01,-4.751961597999999753e+01,7.802901840000000533e-01,-3.388406037999999731e-02,3.308300019000000487e-03,9.072008947999998796e-01,-4.193178532999999875e-01
3.318680512000000249e+01,-4.763132408999999967e+01,7.977829317000000309e-01,-3.922363654999999616e-02,-7.373711019999998860e-03,9.153603107000000128e-01,-4.006527628999999591e-01
3.309468377999999689e+01,-4.773517853999999971e+01,8.079940987000000518e-01,-4.515836463000000300e-02,-1.299437018999999999e-02,9.119244178999998951e-01,-4.076588334999999841e-01
3.299901488999999799e+01,-4.783145423999999934e+01,8.016846434000000077e-01,-4.178851772000000131e-02,-4.402736715000000155e-03,9.131716304000000450e-01,-4.054033906999999770e-01
3.290483702000000221e+01,-4.792252996999999937e+01,7.902904189999999662e-01,-3.335915066999999706e-02,6.694792861999999782e-03,9.079130372999999476e-01,-4.177753744000000102e-01
3.281132116999999937e+01,-4.801297050000000155e+01,7.907039618000000214e-01,-2.480255832000000105e-02,1.008299913000000082e-02,9.093318436999998644e-01,-4.152093016999999775e-01
3.271948694999999674e+01,-4.810426805000000172e+01,8.103025393999999659e-01,-2.747510644000000085e-02,9.718917217000000094e-03,9.035966755000001127e-01,-4.273917514999999723e-01
3.262606861999999808e+01,-4.820027287999999999e+01,8.286598401000000447e-01,-2.956158738000000397e-02,7.873276909000000504e-03,9.081801129000001138e-01,-4.174601855999999778e-01
3.253654319999999700e+01,-4.829301791999999693e+01,8.282613292999999599e-01,-2.443358152000000422e-02,1.110960843000000087e-02,9.034915163000001304e-01,-4.277647211999999755e-01
3.244571229999999673e+01,-4.839275399000000277e+01,8.159163434999999742e-01,-1.655579416000000498e-02,1.514308341999999995e-02,9.058350505000001274e-01,-4.230359961000000335e-01
3.235995777000000118e+01,-4.849036141999999927e+01,8.095302738999999859e-01,-1.288840917999999752e-02,1.521431594999999963e-02,9.119034134000000291e-01,-4.099202094999999657e-01
3.226853166000000073e+01,-4.859536066999999804e+01,8.228504100000000321e-01,-1.570619961999999981e-02,1.134943161999999936e-02,9.166956144000000251e-01,-3.991160937000000075e-01
3.217409070000000071e+01,-4.869602368999999698e+01,8.431822740000000094e-01,-2.184684001000000014e-02,7.181785244999999880e-03,9.241779938000000971e-01,-3.812691612999999924e-01
3.207377163999999681e+01,-4.879049891999999744e+01,8.485516874999999848e-01,-2.659360130999999933e-02,8.896755326999999242e-03,9.227406913000000266e-01,-3.843998502000000594e-01
3.196890033000000031e+01,-4.888194405000000131e+01,8.367992749999999536e-01,-2.401011006999999656e-02,1.303173420999999971e-02,9.264267720000000095e-01,-3.754825224000000183e-01
3.186193448999999944e+01,-4.896925739000000277e+01,8.229836159000000206e-01,-1.855845248000000461e-02,1.430244270000000095e-02,9.240176016000001269e-01,-3.816313612000000188e-01
3.175272125000000045e+01,-4.906038077000000186e+01,8.207751934000000471e-01,-1.458471376999999868e-02,8.951531194999997471e-03,9.242330870999998504e-01,-3.814450903000000115e-01
3.163936602000000065e+01,-4.915357937999999649e+01,8.348019414999999777e-01,-2.109260885000000321e-02,1.606168250999999913e-03,9.235664478000000788e-01,-3.828544612000000513e-01
3.152004980999999972e+01,-4.924920792000000347e+01,8.466732200000000041e-01,-2.908376825999999665e-02,-2.004936083999999796e-03,9.238346638000000111e-01,-3.816800081999999761e-01
3.140124751999999830e+01,-4.934125592000000182e+01,8.414090153000000072e-01,-3.119555883999999835e-02,4.917099617999999995e-04,9.243114568000000419e-01,-3.803615730000000084e-01
3.128390877000000003e+01,-4.943692886000000186e+01,8.239723193000000334e-01,-2.797185580999999796e-02,7.443817914999999522e-03,9.233684028999998850e-01,-3.828223573999999241e-01
3.117033199000000110e+01,-4.952890304999999671e+01,8.161958394999999644e-01,-2.499862779999999923e-02,1.217458421000000048e-02,9.298083321000000234e-01,-3.669922528999999822e-01
3.105671298000000036e+01,-4.962015922999999873e+01,8.258193874000000489e-01,-2.191196168000000138e-02,1.637223519000000072e-02,9.345123293000001663e-01,-3.548781792999999851e-01
3.094047318999999874e+01,-4.970825277000000142e+01,8.406307079999999488e-01,-2.868391551000000136e-02,1.117627505999999916e-02,9.398874095999999456e-01,-3.400940767999999781e-01
3.082039625000000171e+01,-4.979531779999999941e+01,8.437579980999999618e-01,-3.220693986999999953e-02,1.101639538000000022e-02,9.388039467000000027e-01,-3.427659577000000124e-01
3.070029985000000039e+01,-4.988106047000000132e+01,8.298391390999999562e-01,-2.881144356000000031e-02,1.142095507999999968e-02,9.402376921000000776e-01,-3.391055069999999727e-01
3.058194154999999981e+01,-4.996687292000000014e+01,8.140478962999999624e-01,-2.334482293999999916e-02,8.826974369000000278e-03,9.375189505000000034e-01,-3.470379247000000000e-01
3.046398295999999917e+01,-5.005065202000000113e+01,8.123791020999999724e-01,-2.462231575000000186e-02,3.712068195000000313e-03,9.380386267000001554e-01,-3.456349186000000073e-01
3.034993077000000028e+01,-5.013100276000000122e+01,8.241953499999999933e-01,-3.329087384999999955e-02,1.090266117000000020e-04,9.340528247999999589e-01,-3.555798452999999748e-01
3.023497165999999936e+01,-5.021390480000000167e+01,8.336869402000000040e-01,-3.984959491000000104e-02,-1.721282363000000044e-03,9.320162410000000230e-01,-3.602148989000000245e-01
3.012352715999999830e+01,-5.029666896999999892e+01,8.250476869999999741e-01,-3.578959496999999795e-02,9.377559122000000210e-05,9.329741549000000189e-01,-3.581596324999999914e-01
3.001535206999999872e+01,-5.038415197999999862e+01,8.065219542999999547e-01,-2.819699952999999565e-02,3.483831260999999992e-03,9.358999619000000214e-01,-3.511182896999999747e-01
2.990808257000000125e+01,-5.047121690000000171e+01,7.998967238999999951e-01,-2.438923389000000053e-02,8.514232114999999157e-03,9.408818678999998353e-01,-3.377484030999999831e-01
2.979578612999999976e+01,-5.056567848000000254e+01,8.115324801000000088e-01,-3.012497448000000036e-02,3.732566904999999840e-04,9.468736321999999817e-01,-3.201916164999999981e-01
2.968102465999999851e+01,-5.065286545000000018e+01,8.219417865000000489e-01,-4.060450976999999823e-02,-9.535200148000001763e-03,9.495039602999999495e-01,-3.109703893999999913e-01
2.956470468999999923e+01,-5.073630495999999823e+01,8.151688394999999643e-01,-4.513992437000000080e-02,-6.632992230000000697e-03,9.466218173999999541e-01,-3.191011210999999959e-01
2.945015314999999845e+01,-5.081193979999999755e+01,7.989915092999999580e-01,-3.667271364000000006e-02,2.063608203999999814e-03,9.482986649000000323e-01,-3.152467220999999875e-01
2.934005932000000172e+01,-5.088597345000000161e+01,7.903139509000000062e-01,-2.457419194999999751e-02,7.969348488999999577e-03,9.450470469999998624e-01,-3.259120703000000230e-01
2.922840267999999853e+01,-5.096056226000000322e+01,8.009765788999999581e-01,-1.961542753000000347e-02,1.071595705000000058e-02,9.419660336000000855e-01,-3.349632739000000803e-01
2.911484671999999918e+01,-5.104278964000000229e+01,8.175226568000000249e-01,-2.486699314000000161e-02,6.962515762000000275e-03,9.449354615999998597e-01,-3.262363093000000269e-01
2.900197527999999991e+01,-5.112516567000000123e+01,8.198525145999999708e-01,-2.539641914999999847e-02,2.610836242999999956e-03,9.451568135000000259e-01,-3.256175720999999745e-01
2.889006232999999924e+01,-5.120943369999999817e+01,8.079831520000000378e-01,-1.886176488999999692e-02,5.987779500999998797e-03,9.473184260999999440e-01,-3.196813725999999578e-01
2.878126527999999951e+01,-5.129239347000000038e+01,7.976358354000000483e-01,-1.500030519999999770e-02,1.211732230000000035e-02,9.503569177999998674e-01,-3.105638262000000038e-01
2.866926572999999934e+01,-5.137794601000000227e+01,8.020747615000000108e-01,-1.808300020999999494e-02,1.569907812999999860e-02,9.527356061999998627e-01,-3.028554253999999335e-01
2.855312161000000160e+01,-5.146118546999999666e+01,8.169602643000000164e-01,-2.558998084999999922e-02,1.531910995999999879e-02,9.562086386999999466e-01,-2.911623550999999366e-01
2.843136970999999846e+01,-5.153809523000000326e+01,8.237017629999999757e-01,-3.265204437000000098e-02,1.491347533999999933e-02,9.574636556000001297e-01,-2.863123826999999788e-01
2.830640258000000031e+01,-5.161276529999999951e+01,8.145185177000000554e-01,-3.022772605000000404e-02,1.855227865000000018e-02,9.594971496000000988e-01,-2.794768638999999832e-01
2.818172970999999905e+01,-5.168129932000000082e+01,7.995378985000000105e-01,-2.299198100000000161e-02,2.273104474999999847e-02,9.575529684000001485e-01,-2.864384421000000236e-01
2.805634647999999842e+01,-5.175002328000000063e+01,7.931229274000000107e-01,-1.578966927999999811e-02,1.901236754999999570e-02,9.586156922999998775e-01,-2.836285787999999752e-01
2.793242700000000056e+01,-5.181882492999999812e+01,8.061670282999999770e-01,-1.970809773999999959e-02,1.376294252000000162e-02,9.570271019000000656e-01,-2.890005165000000265e-01
2.780541016999999826e+01,-5.189214650000000262e+01,8.200073293999999846e-01,-2.122791501000000081e-02,1.148449720999999805e-02,9.558429005999999895e-01,-2.928853551999999749e-01
2.767814058000000088e+01,-5.196761124999999737e+01,8.142687103000000315e-01,-1.928054062000000152e-02,1.059892490999999812e-02,9.578502092999998663e-01,-2.864243356000000240e-01
2.755089445999999853e+01,-5.204743734000000188e+01,7.966647414999999954e-01,-1.479814615000000014e-02,1.502959560999999993e-02,9.566514475999999823e-01,-2.904705388000000110e-01
2.742498100999999977e+01,-5.212381975000000267e+01,7.859553817000000109e-01,-1.240192812999999991e-02,2.324824388000000172e-02,9.574368183999999449e-01,-2.874377324999999872e-01
2.729769908999999828e+01,-5.219693880999999891e+01,7.959615575999999804e-01,-1.853738207000000041e-02,2.931157782999999767e-02,9.595962594999999373e-01,-2.792350545000000239e-01
2.717091594000000043e+01,-5.226456624000000062e+01,8.153922774999999845e-01,-2.680248593000000498e-02,2.487643539000000334e-02,9.643621918000001569e-01,-2.620464707000000337e-01
2.704652078999999887e+01,-5.232603710000000063e+01,8.238646431999999686e-01,-2.785982933999999606e-02,2.365385257000000158e-02,9.659630194999998531e-01,-2.560854741999999962e-01
2.692316109000000068e+01,-5.238456837999999749e+01,8.154672558000000127e-01,-1.990574914000000500e-02,2.651402091000000169e-02,9.673604626000000817e-01,-2.512260001000000131e-01
2.680051458999999880e+01,-5.243900385999999969e+01,8.046800468999999456e-01,-1.277796144000000085e-02,2.636039982000000156e-02,9.670009136999999644e-01,-2.530831599999999737e-01
2.667604518999999996e+01,-5.248738334000000094e+01,8.073178913999999873e-01,-1.144617103000000052e-02,2.499788693999999839e-02,9.671883623000000485e-01,-2.525683326000000006e-01
2.655362763999999842e+01,-5.253568058999999835e+01,8.244449376000000385e-01,-1.724404893999999938e-02,2.349300773000000120e-02,9.684386400000000172e-01,-2.475425656999999946e-01
2.643116918000000126e+01,-5.258555776000000037e+01,8.370871802999999556e-01,-2.409854250000000031e-02,1.855392370999999971e-02,9.708060784000001053e-01,-2.379297592000000072e-01
2.631288177000000061e+01,-5.263668204999999745e+01,8.350316971000000255e-01,-2.585834982999999851e-02,1.552687269999999779e-02,9.727619173999998425e-01,-2.298358413999999628e-01
2.619813019000000054e+01,-5.269059883999999983e+01,8.247028925999999593e-01,-1.965726237000000112e-02,1.711241251000000102e-02,9.734473258000000406e-01,-2.274226491000000128e-01
2.608563158000000115e+01,-5.274357519000000138e+01,8.198855467000000230e-01,-1.384058848999999980e-02,2.276581622999999943e-02,9.756808758999998554e-01,-2.175706417000000115e-01
2.597284558000000132e+01,-5.279536610000000252e+01,8.299900991999999977e-01,-1.327071624999999998e-02,2.522366564000000019e-02,9.774281414999999029e-01,-2.093367693999999835e-01
2.585640228999999835e+01,-5.284907634000000343e+01,8.458521010999999756e-01,-1.980774971999999662e-02,1.746482249000000028e-02,9.807533131999999210e-01,-1.934568987999999989e-01
2.573737487000000002e+01,-5.289515679000000148e+01,8.499384746999999463e-01,-2.821000230999999928e-02,1.169379836000000034e-02,9.816081103999998447e-01,-1.884488482999999992e-01
2.561909109000000129e+01,-5.293730123000000276e+01,8.410844830000000494e-01,-2.802460031000000504e-02,1.340981177000000017e-02,9.830278345999999834e-01,-1.808067341000000050e-01
2.550232504999999961e+01,-5.297373616000000141e+01,8.284484128000000336e-01,-2.204815295999999758e-02,2.005981817999999764e-02,9.807548494999999145e-01,-1.929544190999999687e-01
2.538537085000000104e+01,-5.301230083000000093e+01,8.258566729999999856e-01,-1.853168574999999874e-02,2.009973615999999935e-02,9.804043610000000575e-01,-1.950893799000000262e-01
2.526809044000000171e+01,-5.305350264999999865e+01,8.394378551000000188e-01,-2.274955020000000300e-02,1.857521578000000118e-02,9.806719755999999677e-01,-1.934422282000000104e-01
2.515155814999999961e+01,-5.309546376000000123e+01,8.541418807999999752e-01,-2.267272165999999894e-02,1.627720252999999978e-02,9.793296379999999468e-01,-2.003358691000000080e-01
2.503683939000000080e+01,-5.314260387000000208e+01,8.544607669999999544e-01,-1.998003630000000017e-02,1.360847951000000201e-02,9.817061702999999584e-01,-1.888613319999999929e-01
2.492706021000000050e+01,-5.319377993999999887e+01,8.418586957000000481e-01,-1.341763057999999925e-02,1.414958363999999948e-02,9.784758226999998865e-01,-2.054381194000000077e-01
2.481345745000000136e+01,-5.325082736000000239e+01,8.273120161000000472e-01,-9.688308712000000267e-03,1.338237985000000074e-02,9.815455620999999908e-01,-1.905134068000000069e-01
2.470248563000000175e+01,-5.330759439999999927e+01,8.263524194000000378e-01,-1.011577863999999979e-02,1.570008107000000000e-02,9.817554594999998718e-01,-1.892284234000000120e-01
2.458752802000000059e+01,-5.336064162000000266e+01,8.361079424999999787e-01,-1.456199938000000103e-02,1.852277543000000262e-02,9.831790206999999615e-01,-1.811183817000000251e-01
2.447559473999999824e+01,-5.341007898000000154e+01,8.436140032000000177e-01,-2.114093687000000166e-02,1.887113303000000075e-02,9.845280558999999210e-01,-1.729203523999999770e-01
2.436230405999999959e+01,-5.345637227000000280e+01,8.397886166000000374e-01,-2.359767432999999859e-02,1.844720236999999874e-02,9.825029406999998827e-01,-1.838228004999999943e-01
2.424741605000000177e+01,-5.350320441000000216e+01,8.234652429000000051e-01,-2.154368801999999652e-02,1.702630055000000156e-02,9.845641361999999397e-01,-1.728566927999999614e-01
2.413350364000000070e+01,-5.354779504999999773e+01,8.056009213999999474e-01,-2.077455635000000078e-02,1.452614043000000077e-02,9.833898229999999963e-01,-1.797271964000000111e-01
2.402266223999999895e+01,-5.359094388999999836e+01,8.021006783999999890e-01,-1.574762207999999900e-02,1.422343808000000112e-02,9.824243006999999750e-01,-1.854513402999999894e-01
2.390570804000000038e+01,-5.363308766000000105e+01,8.114561468000000000e-01,-2.187204010000000365e-02,1.445726546000000029e-02,9.836835503999999952e-01,-1.779867242000000016e-01
2.379088498999999857e+01,-5.367805032999999781e+01,8.202815178000000262e-01,-2.832059900999999574e-02,1.019624407999999809e-02,9.838609302999998807e-01,-1.763849485999999800e-01
2.367489027999999962e+01,-5.372092308999999943e+01,8.175847334000000410e-01,-2.795430603000000069e-02,6.793136513000000085e-03,9.842173658999998631e-01,-1.746098125999999695e-01
2.356072676000000143e+01,-5.376560943999999864e+01,8.062866391999999882e-01,-2.067582312999999630e-02,8.946219805999997693e-03,9.853927714000000337e-01,-1.688003603999999880e-01
2.345154966000000130e+01,-5.380664026000000177e+01,7.995635549999999814e-01,-1.138227317000000023e-02,1.745000068999999834e-02,9.838369907999998665e-01,-1.778502656000000015e-01
2.333706339000000085e+01,-5.384402137000000010e+01,8.092649990000000404e-01,-1.272337460000000017e-02,2.528170437999999881e-02,9.854500202000000542e-01,-1.675923893000000331e-01
2.322034260999999944e+01,-5.387819681999999943e+01,8.225058940999999679e-01,-1.916792219000000227e-02,2.614590745999999938e-02,9.878571884000000303e-01,-1.519445871000000281e-01
2.309925447999999903e+01,-5.390912904999999711e+01,8.267276072999999448e-01,-2.736280736000000491e-02,2.635018447000000291e-02,9.869820389000000249e-01,-1.562798756999999872e-01
2.297638655000000085e+01,-5.393585492999999786e+01,8.166744906999999776e-01,-2.845998295999999789e-02,2.691858902999999872e-02,9.891196987999999468e-01,-1.418014120999999961e-01
2.285463960999999955e+01,-5.396200452000000070e+01,8.030895913000000164e-01,-2.417079557000000045e-02,2.586436078000000499e-02,9.875880822999999475e-01,-1.530247925999999870e-01
2.273355802000000025e+01,-5.398779477000000071e+01,7.962594518000000177e-01,-2.021408770999999840e-02,1.771450629999999846e-02,9.867478224000000298e-01,-1.600197546999999887e-01
2.261224194000000054e+01,-5.401567591999999962e+01,8.032687278000000264e-01,-2.157142017999999842e-02,7.312144068999999746e-03,9.867223994999998471e-01,-1.608107978999999965e-01
2.249005822000000165e+01,-5.404472137999999859e+01,8.101133637999999859e-01,-2.696964188999999984e-02,-1.619595037000000218e-03,9.867722467999999747e-01,-1.598453887000000073e-01
2.236780000999999984e+01,-5.407409546000000233e+01,8.054347859999999582e-01,-2.777372331999999888e-02,-5.752613319999999759e-03,9.856935626999998590e-01,-1.661436974999999927e-01
2.224373466999999849e+01,-5.410418789999999944e+01,7.887762931999999783e-01,-2.271633507000000302e-02,-4.442386504999999708e-03,9.855210978999999760e-01,-1.679654694000000115e-01
2.211854492000000150e+01,-5.413820676000000276e+01,7.739401473000000475e-01,-1.854869253000000079e-02,-3.050588255000000627e-03,9.881026602000001491e-01,-1.526426308999999926e-01
2.199442798000000110e+01,-5.417383059000000145e+01,7.737546852000000142e-01,-1.994098281000000056e-02,-1.202679463999999998e-03,9.876735625000000462e-01,-1.552476880999999753e-01
2.186752689000000061e+01,-5.420589867999999711e+01,7.860703821000000202e-01,-2.842323675000000063e-02,-2.062353143000000139e-03,9.897301697999999481e-01,-1.400787541999999886e-01
2.174163043000000073e+01,-5.423297791000000245e+01,7.930681272999999809e-01,-3.703062205999999718e-02,-5.008442719000001132e-03,9.904826515000001441e-01,-1.324679795000000271e-01
2.161599260999999927e+01,-5.425547294999999792e+01,7.880315043000000186e-01,-3.941457909999999953e-02,-2.773710196999999624e-03,9.901707993999998569e-01,-1.341662604999999953e-01
2.149418909999999983e+01,-5.427315493999999774e+01,7.764294808999999686e-01,-3.078948096000000065e-02,-1.829175952999999928e-04,9.899908860999998561e-01,-1.377316953000000121e-01
2.137125972000000118e+01,-5.428779715999999667e+01,7.696813681999999934e-01,-2.521641984000000045e-02,-5.304426472999999517e-03,9.912845365000000353e-01,-1.291935099000000031e-01
2.124720342999999900e+01,-5.430327822999999654e+01,7.770611625000000133e-01,-2.892021541999999917e-02,-9.675060719000001114e-03,9.909774347000001038e-01,-1.305133645999999870e-01
2.111633783999999991e+01,-5.431609116999999998e+01,7.889782530000000182e-01,-3.838832827000000086e-02,-8.177607318999999958e-03,9.902987194000001381e-01,-1.332963215999999895e-01
2.098336534999999969e+01,-5.432746182000000346e+01,7.915232999000000325e-01,-4.671591310999999996e-02,-2.300114702000000035e-03,9.898008959999998746e-01,-1.345604663999999950e-01
2.085329695000000072e+01,-5.434025205999999741e+01,7.802557856999999819e-01,-4.750885029000000842e-02,3.313370455000000294e-03,9.887508626000000023e-01,-1.417873847999999992e-01
2.072580010000000073e+01,-5.435847162000000310e+01,7.636845945000000357e-01,-4.030294612000000221e-02,6.171204981999999992e-03,9.909055053999999974e-01,-1.282336464999999925e-01
2.060883291000000028e+01,-5.437937696000000187e+01,7.573431811999999930e-01,-2.883789617999999930e-02,1.015949642999999965e-02,9.914239840000000914e-01,-1.270576419999999984e-01
2.049128460000000018e+01,-5.440145936999999776e+01,7.700123496999999873e-01,-2.219957224000000326e-02,8.744277610000000117e-03,9.934838317999999946e-01,-1.114477120000000043e-01
2.037498499000000152e+01,-5.442052456999999777e+01,7.846064153999999791e-01,-2.269736611999999959e-02,2.514812266000000622e-03,9.951721752000000087e-01,-9.545075725000000400e-02
2.025595878000000027e+01,-5.443112333999999919e+01,7.853246626000000008e-01,-2.320354641999999856e-02,5.577910749999999765e-03,9.951892848000000180e-01,-9.501983911000000393e-02
2.013702509000000163e+01,-5.443610729000000248e+01,7.709404554000000021e-01,-1.850732617000000121e-02,1.163883526000000085e-02,9.958364535999999489e-01,-8.849731086999998442e-02
2.001535455000000141e+01,-5.443938834000000071e+01,7.553690639000000262e-01,-1.450783832000000079e-02,1.243607904000000250e-02,9.952128852999999609e-01,-9.584455910000001799e-02
1.989183304000000163e+01,-5.444302393000000251e+01,7.534938207000000387e-01,-1.169085786999999980e-02,6.079088826000000022e-03,9.955374717999999623e-01,-9.344255373000000253e-02
1.976383457000000021e+01,-5.444877076000000216e+01,7.674636582999999623e-01,-2.135814840999999964e-02,9.535959719999999177e-04,9.952244956000000364e-01,-9.524244567999999578e-02
1.963577137000000050e+01,-5.445356492999999887e+01,7.776929795999999451e-01,-2.971785169000000504e-02,-2.365174890000000182e-03,9.953638594999999478e-01,-9.144420357999999416e-02
1.951077031000000161e+01,-5.446266477999999722e+01,7.736059248000000110e-01,-2.767610280000000131e-02,-4.221972786000000380e-03,9.956933689999999393e-01,-8.837942776999999084e-02
1.938936950000000081e+01,-5.447342403999999760e+01,7.623794586000000040e-01,-1.873548967999999829e-02,1.309430462999999984e-03,9.957737482000000862e-01,-8.989943996999999465e-02
1.926887452000000067e+01,-5.448725163999999666e+01,7.580044905999999694e-01,-1.224312447999999741e-02,5.219779590999999719e-03,9.973150895000000293e-01,-7.201022193999999377e-02
1.914966464999999829e+01,-5.450051187999999769e+01,7.713177210999999645e-01,-8.148559555000000482e-03,8.901692939000000263e-03,9.979383065000000386e-01,-6.303568200999999649e-02
1.902866656000000134e+01,-5.451103780999999771e+01,7.946909580000000028e-01,-1.066302759999999961e-02,1.154384630999999960e-02,9.990916232000001118e-01,-3.961020061000000703e-02
1.891008790000000062e+01,-5.451607870000000133e+01,8.097480366999999513e-01,-1.191214711000000009e-02,1.470405347000000064e-02,9.991533003000000468e-01,-3.653182122999999726e-02
1.879155843999999931e+01,-5.451690107000000296e+01,8.116548772999999661e-01,-8.005320086000000321e-03,1.998937283999999842e-02,9.994732220999998917e-01,-2.428205434000000121e-02
1.867104742000000073e+01,-5.451392079000000024e+01,8.042232445000000451e-01,-8.566779473999999468e-04,2.156849241000000084e-02,9.994832383999999736e-01,-2.381852968999999959e-02
1.855006957999999884e+01,-5.451284385000000299e+01,7.991615945000000165e-01,3.164068256999999756e-03,1.766596882999999993e-02,9.997375256999998516e-01,-1.424015270999999874e-02
1.842824781999999928e+01,-5.450709563000000202e+01,8.058035659000000184e-01,5.043964255999999584e-03,1.619268031999999968e-02,9.994719391999999925e-01,-2.771639054999999741e-02
1.829940898999999987e+01,-5.450234661999999730e+01,8.191203569999999656e-01,-1.298252314999999999e-03,1.729207384000000167e-02,9.996739045000001544e-01,-1.874522357000000389e-02
1.817042332999999843e+01,-5.449882348999999948e+01,8.270891890999999552e-01,-7.059674061999999910e-03,1.430252282000000000e-02,9.997094277000000417e-01,-1.807371085000000072e-02
1.804290157999999877e+01,-5.449945954999999742e+01,8.212787830000000122e-01,-2.984013329000000190e-03,1.126915723000000008e-02,9.998682252999999687e-01,-1.129751394000000006e-02
1.791843796999999938e+01,-5.450445289999999687e+01,8.085787985000000289e-01,3.411840994000000116e-03,1.216049586999999946e-02,9.999118586999998781e-01,-4.093467124000000311e-03
1.779473957000000084e+01,-5.451036403999999891e+01,8.064285672000000016e-01,9.612634744999999301e-03,1.683582269999999922e-02,9.998118639999999946e-01,6.236746704999999828e-04
1.767009617000000077e+01,-5.451453000000000060e+01,8.166248870000000215e-01,1.190316311000000002e-02,2.245102173999999687e-02,9.995895918999999630e-01,1.322550926999999793e-02
1.754458890000000082e+01,-5.451392939000000126e+01,8.282919665000000320e-01,5.252167775000001100e-03,2.175358047000000225e-02,9.996254383000000576e-01,1.575371776000000085e-02
1.741752372999999920e+01,-5.450609147000000121e+01,8.272838195999999700e-01,1.506246510000000061e-03,2.515420516999999911e-02,9.993790004000000504e-01,2.462946912000000058e-02
1.729303896000000051e+01,-5.449086167000000103e+01,8.124969843999999553e-01,4.411142172999999583e-03,2.913318562000000167e-02,9.992704271000000249e-01,2.429841291000000084e-02
1.716970673000000147e+01,-5.447210825999999884e+01,7.951378220999999469e-01,9.924115820999999601e-03,2.833041458000000110e-02,9.991485066999998832e-01,2.830478842000000092e-02
1.704802345999999957e+01,-5.445152113999999699e+01,7.890089267000000017e-01,1.516624893999999994e-02,2.341573476999999834e-02,9.991778489999999513e-01,2.941622480999999886e-02
1.692330919000000122e+01,-5.443229249000000181e+01,7.973325144999999781e-01,9.124105917000000648e-03,1.896418941999999941e-02,9.991444896000000186e-01,3.560054985999999699e-02
1.679994982999999920e+01,-5.441690753999999686e+01,8.050787824999999787e-01,3.961422852000000099e-03,1.220210444999999914e-02,9.992376571000001206e-01,3.687167579000000250e-02
1.667619119000000083e+01,-5.440291930000000065e+01,7.985155829000000205e-01,6.692880459999999906e-03,8.707712435999999390e-03,9.991979453999999539e-01,3.850775270000000167e-02
1.655145209000000150e+01,-5.439352175999999872e+01,7.816247685999999639e-01,1.457346709999999754e-02,9.733609048000000513e-03,9.988967712999999859e-01,4.356731711999999035e-02
1.642790087999999926e+01,-5.438451831999999797e+01,7.675287598000000155e-01,2.104959148000000099e-02,1.132299401999999934e-02,9.982433022999999128e-01,5.421267230999999437e-02
1.630396924000000070e+01,-5.437209139000000135e+01,7.720197490000000329e-01,1.851019100000000223e-02,1.370574303000000015e-02,9.972600349000000364e-01,7.029899140999999740e-02
1.617684549999999888e+01,-5.435639301999999873e+01,7.839889466999999668e-01,1.070142995000000069e-02,1.303538039999999933e-02,9.962185489999999533e-01,8.523004699000000239e-02
1.605057645999999849e+01,-5.433337482999999679e+01,7.883697525999999733e-01,3.060712110000000583e-03,1.406966676000000194e-02,9.959828511999999634e-01,8.837893791999999749e-02
1.592902364999999953e+01,-5.430785739000000234e+01,7.799403142999999927e-01,5.816769295000000402e-03,1.736309000000000116e-02,9.956018604999999910e-01,9.187830955999999605e-02
1.580815684999999959e+01,-5.427576977999999741e+01,7.658029173999999495e-01,1.108086050000000114e-02,1.577950682000000063e-02,9.961936683000000015e-01,8.500821730999999493e-02
1.568987652999999938e+01,-5.423996788000000180e+01,7.571229994999999491e-01,1.442450686000000017e-02,1.013412418000000058e-02,9.955435238000001075e-01,9.264084068000000283e-02
1.557112915999999991e+01,-5.420566197000000130e+01,7.638948394000000253e-01,7.507434958000000838e-03,6.654552434000001078e-03,9.958025681000000073e-01,9.097582442000000380e-02
1.545175932999999979e+01,-5.417002372000000321e+01,7.742165550999999812e-01,-8.367267797999999477e-04,6.333784200000000357e-03,9.960865865000001484e-01,8.815154728000000606e-02
1.533105884999999979e+01,-5.413379600999999752e+01,7.735049601000000274e-01,-6.191990669999999572e-03,7.606470070999999875e-03,9.959332701999999982e-01,8.955848500999999406e-02
1.521082750999999966e+01,-5.409977560000000096e+01,7.589478616999999483e-01,-3.223185346999999853e-03,9.819787612999999679e-03,9.957145402999999506e-01,9.190069142000001357e-02
1.508704524000000013e+01,-5.406837345999999656e+01,7.395939741000000511e-01,3.291691398999999942e-03,1.390715749999999959e-02,9.947839391999998560e-01,1.009983670000000056e-01
1.496728169999999913e+01,-5.403773360000000281e+01,7.332763687000000141e-01,7.264912858000000147e-03,1.974193956000000125e-02,9.938965441999999539e-01,1.082919029999999949e-01
1.483980168999999982e+01,-5.400609706000000187e+01,7.450418500000000055e-01,9.764008798000000950e-04,2.370751471999999957e-02,9.898538301999999511e-01,1.400942371000000186e-01
1.472236591000000061e+01,-5.397474120999999769e+01,7.583379886000000125e-01,-5.358887062999999860e-03,2.464300627000000007e-02,9.891975308999999550e-01,1.444030799000000087e-01
1.460062731999999919e+01,-5.393806775000000187e+01,7.606054009999999588e-01,-9.767852384000000679e-03,2.619397459999999594e-02,9.884303805999999915e-01,1.490766494999999914e-01
1.448472650999999978e+01,-5.390192502000000019e+01,7.494976920999999459e-01,-9.203811859000000581e-03,2.604030607000000497e-02,9.868839332000000075e-01,1.590512326999999893e-01
1.436364625000000039e+01,-5.386226714000000015e+01,7.351639853000000446e-01,-1.106778829999999908e-02,2.371207553999999523e-02,9.878354936000000031e-01,1.532849607999999808e-01
1.424375631999999925e+01,-5.382213751999999829e+01,7.327436771999999987e-01,-1.949271250000000205e-02,2.121451734000000255e-02,9.876870296000000993e-01,1.537670639000000283e-01
1.412657281999999981e+01,-5.378190745999999933e+01,7.398424290999999764e-01,-2.742969680000000021e-02,2.296538089000000130e-02,9.896503943999999109e-01,1.389687011999999888e-01
1.400936519000000047e+01,-5.374142195000000299e+01,7.456668400999999502e-01,-3.132445651000000109e-02,2.412553788999999976e-02,9.895514566999999984e-01,1.386529893000000291e-01
1.389581249000000085e+01,-5.370352702999999650e+01,7.440037795999999704e-01,-3.019671720000000406e-02,2.160269097000000124e-02,9.891375775999999842e-01,1.422263497000000043e-01
1.378061791999999919e+01,-5.366751709999999775e+01,7.317737966999999788e-01,-2.102379550999999847e-02,1.761968620999999902e-02,9.897271122000000920e-01,1.403131856000000288e-01
1.366537879999999916e+01,-5.363603247999999724e+01,7.202101538999999830e-01,-1.366250333999999983e-02,1.616248954000000515e-02,9.880661992000001614e-01,1.525689872000000336e-01
1.355068600000000067e+01,-5.360321476000000018e+01,7.226519595000000518e-01,-1.364820962000000068e-02,1.641625517000000131e-02,9.894368220999999464e-01,1.433841271999999889e-01
1.342628664999999977e+01,-5.356333479999999980e+01,7.358305793999999622e-01,-1.811318530000000093e-02,1.766353262999999577e-02,9.852174994999999269e-01,1.694296043999999890e-01
1.331601590000000002e+01,-5.351900071000000025e+01,7.471535012000000142e-01,-2.323921499999999710e-02,2.044759389000000080e-02,9.851082466999999676e-01,1.691259206999999598e-01
1.320038813999999938e+01,-5.346903650000000141e+01,7.450384059000000336e-01,-1.994794588000000160e-02,2.549989144999999929e-02,9.860849946000000976e-01,1.630589416000000069e-01
1.309099411000000046e+01,-5.341533333999999655e+01,7.327765730999999949e-01,-1.563939813999999998e-02,2.264434146999999564e-02,9.836619932000000288e-01,1.779093200000000097e-01
1.297988986999999916e+01,-5.336413294999999835e+01,7.240264952999999615e-01,-1.416912573999999994e-02,1.335738136000000180e-02,9.853464439999999325e-01,1.694497020000000076e-01
1.287083480999999985e+01,-5.331209542999999940e+01,7.300094431000000439e-01,-2.089418145000000032e-02,7.739104683000001296e-03,9.845846064000000064e-01,1.734839829000000277e-01
1.276365232000000027e+01,-5.326176038999999918e+01,7.425290788999999725e-01,-2.403653898000000441e-02,4.811155031000001296e-03,9.854900807000001040e-01,1.679535602000000183e-01
1.265281232000000067e+01,-5.321282845000000350e+01,7.473261235999999474e-01,-2.604416416999999831e-02,3.895808898000000051e-03,9.849552176000000436e-01,1.707915204999999881e-01
1.254758874000000013e+01,-5.316672067999999740e+01,7.387625029000000065e-01,-2.115380618999999907e-02,3.065288563000000566e-03,9.844134726000000057e-01,1.745658486999999981e-01
1.243668176999999986e+01,-5.312348890999999895e+01,7.219089279999999498e-01,-1.181087462999999907e-02,3.178446211999999722e-03,9.837668145000000308e-01,1.790342295999999833e-01
1.233409645999999960e+01,-5.308178170000000051e+01,7.133252261000000427e-01,-2.049327023000000001e-03,6.367794020000000325e-03,9.829277851999999038e-01,1.838701188999999903e-01
1.221965357999999924e+01,-5.303470733000000337e+01,7.235541563999999815e-01,3.251953285999999860e-04,8.699257507999999875e-03,9.812096110000001481e-01,1.927483243000000235e-01
1.211307717000000039e+01,-5.298771144999999905e+01,7.380713292999999675e-01,-4.402386515000000430e-03,7.927377824999999947e-03,9.772447882999998336e-01,2.119207382999999945e-01
1.200544398999999984e+01,-5.293192547999999675e+01,7.421724593999999842e-01,-8.611305431999999663e-03,1.361262413000000060e-02,9.780786666999998769e-01,2.076118100999999883e-01
1.189872839000000049e+01,-5.287094012000000021e+01,7.309318671000000212e-01,-5.025619569999999724e-03,1.916866660999999930e-02,9.742050624000000436e-01,2.247927976000000105e-01
1.179474684999999923e+01,-5.280922246000000086e+01,7.151238583000000260e-01,8.656936357999999495e-04,1.940662883999999880e-02,9.742654967000000665e-01,2.245648576000000285e-01
1.169528707999999995e+01,-5.274693291999999900e+01,7.095310369999999756e-01,5.463991724999999779e-03,1.543189210999999957e-02,9.738660147000001155e-01,2.265325293999999878e-01
1.158941103999999989e+01,-5.268439656999999698e+01,7.223747912000000326e-01,2.304353675000000209e-03,1.098466998000000028e-02,9.741539070000000411e-01,2.256062776999999964e-01
1.148391943000000026e+01,-5.262203494999999975e+01,7.336741302000000520e-01,-6.075661720000000154e-03,1.026286252000000072e-02,9.710270236000000388e-01,2.386719076999999911e-01
1.138000339000000061e+01,-5.255979745999999864e+01,7.298714339999999856e-01,-5.213334846000000113e-03,1.173575489999999742e-02,9.733279524999999266e-01,2.290584863000000027e-01
1.127095540000000007e+01,-5.249680190000000124e+01,7.140518716999999516e-01,3.551480456000000001e-03,1.531340118000000007e-02,9.717324606999999670e-01,2.355608446000000133e-01
1.116005765000000061e+01,-5.243770347000000243e+01,6.996209367000000290e-01,1.075728310000000076e-02,1.940759301000000159e-02,9.676715437999999780e-01,2.512357646000000222e-01
1.105057498000000038e+01,-5.237991971999999663e+01,7.010220934999999987e-01,1.210970404999999785e-02,2.692580160999999764e-02,9.673621725000000060e-01,2.516719761000000277e-01
1.093350268999999919e+01,-5.231724358999999680e+01,7.132211571000000028e-01,5.985148889000000381e-03,2.941444887999999924e-02,9.604816991000000304e-01,2.767198472999999881e-01
1.083494564999999987e+01,-5.225591390999999675e+01,7.268209649000000327e-01,-1.243937661000000042e-03,3.083355072999999918e-02,9.573606323000000140e-01,2.872426927000000241e-01
1.073386207999999975e+01,-5.218742259999999789e+01,7.304549874000000331e-01,-5.737495961000000071e-04,3.380788910000000203e-02,9.593232701999999668e-01,2.802776491999999786e-01
1.063602749000000003e+01,-5.211630206000000243e+01,7.215850156999999987e-01,3.370626341999999765e-03,3.246574349999999803e-02,9.538016944000000663e-01,2.986585713000000086e-01
1.054403184000000060e+01,-5.204891813999999783e+01,7.098725811999999635e-01,5.733262236000000178e-03,2.875699204999999578e-02,9.563451685999998508e-01,2.907646532000000006e-01
1.044444015999999920e+01,-5.197527852000000337e+01,7.090045667000000051e-01,-2.336674459000000399e-04,2.611824849000000254e-02,9.545989781999999479e-01,2.967466483000000266e-01
1.035025715999999996e+01,-5.190104687000000183e+01,7.200839746999999624e-01,-8.367974615999999519e-03,2.516426713000000440e-02,9.536353564999998644e-01,2.997938349000000002e-01
1.024950487999999993e+01,-5.182816541999999771e+01,7.272510507999999652e-01,-1.590336219999999995e-02,2.147389175000000150e-02,9.536219907000000884e-01,2.998183680000000018e-01
1.015532482999999964e+01,-5.176006761000000012e+01,7.209146121999999712e-01,-1.634766087999999992e-02,1.802983886000000119e-02,9.505200950999999066e-01,3.097082946999999975e-01
1.005841556000000026e+01,-5.169029787000000198e+01,7.089819119000000391e-01,-1.039599910000000085e-02,1.863389903000000139e-02,9.512571600000000460e-01,3.076597415999999807e-01
9.965649384000000666e+00,-5.161707991000000106e+01,7.042772002999999614e-01,-3.672858872000000184e-03,2.103799504000000015e-02,9.453812889999998470e-01,3.252662467999999918e-01
9.867992058000000455e+00,-5.154295843999999960e+01,7.148970489000000539e-01,4.506781156999999658e-04,2.138902696999999895e-02,9.355374454999998424e-01,3.525790613999999490e-01
9.774155232000000026e+00,-5.146479606999999845e+01,7.274474741999999994e-01,-8.839741482999999289e-04,2.443598363999999884e-02,9.298693168999999648e-01,3.670764972000000181e-01
9.680813329999999439e+00,-5.137930733999999688e+01,7.315819031000000416e-01,-6.420166253999999573e-03,3.069314301000000342e-02,9.275073073000000834e-01,3.724874594000000538e-01
9.587461686999999344e+00,-5.128923535999999928e+01,7.221020477999999798e-01,-8.213326591999999329e-03,3.261160074999999714e-02,9.246979007000000195e-01,3.792134189999999405e-01
9.496811801999999858e+00,-5.119645097000000078e+01,7.023067389999999577e-01,-6.074195957000000194e-03,2.771614070000000263e-02,9.256100785000000997e-01,3.774134368000000572e-01
9.409031405000000348e+00,-5.110701899000000026e+01,6.864509163999999997e-01,-3.153777228999999922e-03,1.763152364000000055e-02,9.228391337000001471e-01,3.847689129999999902e-01
9.325557532999999566e+00,-5.101709472000000289e+01,6.916285028999999973e-01,3.466019163999999758e-04,1.587012743999999947e-02,9.302737757000000274e-01,3.665224700999999974e-01
9.239798997999999486e+00,-5.092424797000000325e+01,7.068236433000000263e-01,-3.458861896999999592e-03,1.889960099999999851e-02,9.287249314000001199e-01,3.702713101999999812e-01
9.154676999999999509e+00,-5.083207663000000309e+01,7.112865810999999816e-01,-3.913777531000000275e-03,1.636834367000000040e-02,9.300927562999998788e-01,3.669389927999999745e-01
9.066096797000000151e+00,-5.074167228000000307e+01,7.000279628000000143e-01,1.895151668000000017e-03,1.314128621000000031e-02,9.286314971000000362e-01,3.707657717999999769e-01
8.977902151000000330e+00,-5.064767820000000142e+01,6.872836198999999757e-01,6.654111974999999887e-03,1.525390627999999825e-02,9.266975831999998414e-01,3.754392498999999939e-01
8.887143836999999991e+00,-5.055097855000000351e+01,6.896213088000000546e-01,1.001423675999999971e-02,2.003837485999999946e-02,9.245510624999999649e-01,3.803991475999999317e-01
8.797446772000000692e+00,-5.045053194999999846e+01,7.038055728000000011e-01,4.224406663000000381e-03,2.602427222999999928e-02,9.148369631999998530e-01,4.029618125000000162e-01
8.713493891000000602e+00,-5.034768080999999995e+01,7.154127710000000029e-01,-3.952993250000000000e-03,3.032794067999999843e-02,9.115516947000000814e-01,4.100464580000000026e-01
8.631819659999999672e+00,-5.024178260000000051e+01,7.129853163999999577e-01,-6.817150033000001288e-03,3.329724480000000042e-02,9.080592819999999676e-01,4.174603698000000085e-01
8.553989921999999524e+00,-5.013525629000000094e+01,6.997453270000000281e-01,-4.671558448999999641e-03,3.252844329000000034e-02,9.052561547999999902e-01,4.235934030999999877e-01
8.478382169999999718e+00,-5.003036992999999910e+01,6.912201240999999996e-01,-5.157164657999999645e-03,2.949647202000000093e-02,9.024337677000000557e-01,4.297867572999999886e-01
8.404115780999999785e+00,-4.992720127999999846e+01,6.992839345000000373e-01,-7.460621895999999635e-03,2.694392547999999860e-02,9.068407790000000412e-01,4.205450814000000204e-01
8.325163934000000765e+00,-4.982347030999999760e+01,7.106710317000000110e-01,-1.660321235000000034e-02,2.781946025000000405e-02,9.014011976000000370e-01,4.317711106000000076e-01
8.249269531999999572e+00,-4.972323407999999745e+01,7.147985599999999717e-01,-2.315155974000000436e-02,2.901112289999999844e-02,9.052168390999999481e-01,4.233259197000000529e-01
8.169754331000000036e+00,-4.962653979000000248e+01,7.040962599000000210e-01,-1.955591563000000019e-02,2.638007561000000126e-02,9.039575202999999837e-01,4.263595423000000051e-01
8.087869863999999964e+00,-4.953132458000000327e+01,6.907367066999999805e-01,-1.324067308999999845e-02,2.441360947999999739e-02,9.023906561000000215e-01,4.300229809000000181e-01
8.003171581000000145e+00,-4.943493192999999764e+01,6.873265670999999521e-01,-1.215291523000000019e-02,2.406219777000000171e-02,9.006824812999999486e-01,4.336408481999999842e-01
7.917375382000000350e+00,-4.933738312999999920e+01,6.976488337999999789e-01,-1.890973060000000067e-02,2.614973790000000436e-02,8.934709199999999463e-01,4.479601863000000628e-01
7.843335857999999661e+00,-4.923571158000000025e+01,7.100425195999999772e-01,-2.455932287000000061e-02,3.051627669000000348e-02,8.905904985000000496e-01,4.531160564000000224e-01
7.776206183000000216e+00,-4.913049354000000335e+01,7.127931126000000006e-01,-2.328404977999999972e-02,3.672748835999999767e-02,8.897987725999999542e-01,4.542764454000000618e-01
7.711739792000000371e+00,-4.902427863999999857e+01,7.034105531000000022e-01,-1.766296679999999897e-02,3.452671321999999793e-02,8.855935439000001130e-01,4.628390656999999409e-01
7.646506126000000236e+00,-4.892007324000000068e+01,6.913999175999999691e-01,-1.251341729999999770e-02,2.665719442999999952e-02,8.856949571999999105e-01,4.633327650999999325e-01
7.588299938999999661e+00,-4.881764474999999948e+01,6.886677193000000363e-01,-8.283347945000000059e-03,1.629625968000000119e-02,8.863248516999999715e-01,4.627030098000000091e-01
7.525051378999999763e+00,-4.871345778999999965e+01,6.984895384000000540e-01,-1.075672735000000185e-02,1.438429851999999988e-02,8.879627942000000163e-01,4.595644252000000707e-01
7.465733132999999633e+00,-4.860728489000000252e+01,7.082471751000000149e-01,-1.256501041000000068e-02,1.441419380999999986e-02,8.885792704999999625e-01,4.583243737000000095e-01
7.399692703999999566e+00,-4.850189390999999972e+01,7.078040212999999747e-01,-1.170399838999999949e-02,8.167930857999999503e-03,8.862062249999999031e-01,4.630710831999999555e-01
7.337047551000000389e+00,-4.839683979000000136e+01,6.941349010999999791e-01,-2.723649300000000398e-03,5.318511115000000566e-03,8.854895181000000948e-01,4.646209298000000265e-01
7.273756048000000085e+00,-4.829125203000000255e+01,6.804214444999999722e-01,7.775591495999999853e-03,7.006440002999999618e-03,8.848871154999999877e-01,4.656879241999999364e-01
7.211400116000000082e+00,-4.818422601000000327e+01,6.868656714999999968e-01,1.086001517999999992e-02,1.251763757999999928e-02,8.783075847000000325e-01,4.778087018000000130e-01
7.153759499000000410e+00,-4.807450452999999868e+01,7.073354286999999907e-01,9.080831496000000766e-03,1.967175964000000138e-02,8.712902946999999676e-01,4.902894888000000617e-01
7.096923891000000317e+00,-4.796166388000000325e+01,7.242089871000000345e-01,4.787805234000000812e-03,2.455677041999999866e-02,8.687465321999999768e-01,4.946246099000000118e-01
7.038416543000000303e+00,-4.784738901000000055e+01,7.225103497999999513e-01,4.956885038000000132e-03,2.416827137999999833e-02,8.612570875999998599e-01,5.075702443999999813e-01
6.980381414000000007e+00,-4.773365261000000004e+01,7.112141681000000437e-01,7.725002261000000169e-03,1.867441883000000094e-02,8.603859507000000129e-01,5.092421882000000011e-01
6.922063129999999731e+00,-4.762156910000000209e+01,7.062507501000000465e-01,9.106379519000000478e-03,1.292715910999999926e-02,8.605092896999999574e-01,5.091892819000000125e-01
6.865700107000000330e+00,-4.750671718000000254e+01,7.191517214000000546e-01,6.719974533999999687e-03,1.599384985999999925e-02,8.626236253000000298e-01,5.055487314000000065e-01
6.803776390000000340e+00,-4.739265163000000314e+01,7.358372294999999674e-01,1.144111756999999967e-03,1.990140342000000159e-02,8.600651079000000143e-01,5.097946991999999788e-01
6.741160709999999945e+00,-4.728093451000000158e+01,7.373983618999999656e-01,-2.082530955000000059e-03,1.739849070000000150e-02,8.568265894999999022e-01,5.153068513999998768e-01
6.676317320999999971e+00,-4.717045621999999838e+01,7.291849884000000115e-01,2.020102878000000143e-03,1.641683801000000040e-02,8.535678735999999711e-01,5.207190141999999966e-01
6.611108957999999980e+00,-4.706352298000000189e+01,7.222777009999999942e-01,1.041742525999999995e-02,1.590384014000000013e-02,8.440717101000000389e-01,5.358931733999999780e-01
6.543163133000000187e+00,-4.695547196999999784e+01,7.304876341999999578e-01,1.098797236000000066e-02,1.923112727999999952e-02,8.369764940999999681e-01,5.467904319999999929e-01
6.479521012000000191e+00,-4.684703761000000100e+01,7.461411257000000186e-01,6.804652684999999875e-03,2.431690504999999697e-02,8.265240751999999302e-01,5.623347204999998850e-01
6.422971650000000032e+00,-4.673662243999999788e+01,7.559232007999999725e-01,4.057986926000000175e-03,2.958051933999999994e-02,8.250231652999998611e-01,5.643095801999999939e-01
6.369287853000000332e+00,-4.662447943000000095e+01,7.518779458000000027e-01,5.812555831000001082e-03,2.801467035000000314e-02,8.161012340000001197e-01,5.772002844000001520e-01
6.320331583999999836e+00,-4.651461723999999975e+01,7.395831290000000058e-01,6.854591359999999585e-03,2.286979463999999976e-02,8.089005768999998347e-01,5.874605040000000500e-01
6.267751327000000039e+00,-4.640650231000000048e+01,7.304641633999999772e-01,6.865546051000000378e-03,1.286856993000000046e-02,8.069206305999999662e-01,5.904797712000000587e-01
6.220774717000000287e+00,-4.629902655000000067e+01,7.356643619999999606e-01,9.643628510000000140e-03,4.038511728999999960e-03,8.099380452000000119e-01,5.864222487000000372e-01
6.170560849000000125e+00,-4.618950681999999830e+01,7.479994899999999891e-01,1.797404805000000095e-03,9.267359983999999724e-04,8.034841124999998474e-01,5.953227625000000467e-01
6.121913900000000019e+00,-4.608568781000000314e+01,7.545399883000000196e-01,-2.279134849000000011e-03,-4.989900636000000299e-03,8.095589423000000284e-01,5.870129686999999707e-01
6.073860056000000007e+00,-4.597888818999999927e+01,7.494695040000000086e-01,2.547037388000000227e-04,-9.972701555999999995e-03,8.063819612999999498e-01,5.913109274000000193e-01
6.026678262999999980e+00,-4.587013988999999725e+01,7.414213829000000366e-01,6.945666672000000430e-03,-1.067498314999999927e-02,8.019703691999999773e-01,5.972280379999999056e-01
5.983362533000000205e+00,-4.575993016000000324e+01,7.435009726000000319e-01,1.572507494000000006e-02,-6.582996990000000194e-03,8.046651670000000145e-01,5.934840816999999991e-01
5.940817039999999771e+00,-4.564205573000000271e+01,7.626138460000000396e-01,1.630229646000000074e-02,3.460952372000000786e-04,7.948468863000001106e-01,6.065909188000001562e-01
5.906906361999999966e+00,-4.552590225000000146e+01,7.767542765999999599e-01,9.090074182000000211e-03,2.011616421999999540e-03,7.843933617999999663e-01,6.201938229000000247e-01
5.875853251999999749e+00,-4.540673894999999760e+01,7.759484030000000088e-01,4.269443405000000052e-03,2.170474436999999916e-03,7.739853847000000009e-01,6.331853482000000533e-01
5.848255458999999767e+00,-4.528919599000000318e+01,7.614979635999999941e-01,4.337291035999999919e-03,4.119908119000000209e-03,7.704623699000000547e-01,6.374574109999999738e-01
5.822540069999999623e+00,-4.516727774000000295e+01,7.478870115000000318e-01,5.957271037999999942e-03,4.003678487000000320e-03,7.702750284000000613e-01,6.376714374999999935e-01
5.804474863000000262e+00,-4.504904932000000173e+01,7.498747303999999669e-01,1.571712284000000015e-02,-1.098800735999999915e-03,7.708628226999999500e-01,6.368063075000000017e-01
5.787111492000000190e+00,-4.493017832000000311e+01,7.642114197999999581e-01,1.928645763000000346e-02,-1.159581313000000101e-04,7.734656781000001091e-01,6.335446819000000174e-01
5.765727973999999811e+00,-4.480623647000000176e+01,7.714318516999999487e-01,1.664395253999999963e-02,4.968551921000000093e-03,7.711032536999999909e-01,6.364731450999999707e-01
5.739183023999999911e+00,-4.468231575000000078e+01,7.650391653000000458e-01,1.592044600999999865e-02,6.482623185000000419e-03,7.674298173000000389e-01,6.409024812000000404e-01
5.712374778000000042e+00,-4.455312053000000105e+01,7.488810031000000533e-01,2.165896597999999659e-02,7.014548654999999341e-03,7.616125562999999099e-01,6.476326113999999468e-01
5.684833063000000131e+00,-4.442701964999999831e+01,7.399179583999999643e-01,2.691466492000000113e-02,1.102252417000000075e-02,7.534715377999999797e-01,6.568369252999999297e-01
5.661360591000000220e+00,-4.429983670000000018e+01,7.502803944999999475e-01,3.716462258000000074e-02,1.650312271999999914e-02,7.440864316999999950e-01,6.668446744999999565e-01
5.640718377999999866e+00,-4.417314024000000217e+01,7.657000476999999972e-01,3.309391764000000485e-02,2.385383648000000134e-02,7.318922552000000081e-01,6.801981431000000411e-01
5.622787326000000085e+00,-4.404744846999999908e+01,7.683337002000000249e-01,2.778119759000000077e-02,2.744753086999999689e-02,7.351858764999998908e-01,6.767396582000000382e-01
5.608475040000000078e+00,-4.392138384999999801e+01,7.561808815999999656e-01,2.833436476999999856e-02,2.879221800999999872e-02,7.254370890000000349e-01,6.871020316000000516e-01
5.597131241999999673e+00,-4.379686547000000019e+01,7.411705458999999774e-01,2.886961899999999914e-02,2.533867429000000171e-02,7.266869849000000547e-01,6.858939587000000282e-01
5.579039722000000090e+00,-4.367629037999999753e+01,7.375424442000000358e-01,2.722529147000000288e-02,1.558841330000000115e-02,7.259633447000001238e-01,6.870174721999999790e-01
5.562614871000000072e+00,-4.355198242000000164e+01,7.495966683000000463e-01,2.303678032999999584e-02,1.512652122999999862e-02,7.289058566999998545e-01,6.840590231999998938e-01
5.545209763999999986e+00,-4.342739739000000299e+01,7.583829730000000158e-01,1.949458558999999855e-02,1.721964129000000052e-02,7.315159467999999832e-01,6.813280154999999949e-01
5.523115837999999833e+00,-4.330008089999999754e+01,7.519954697999999826e-01,1.440920422000000096e-02,1.520069932000000026e-02,7.289512427000000017e-01,6.842451310999999592e-01
5.496482336999999774e+00,-4.317229760000000027e+01,7.352435474999999832e-01,1.107947601999999948e-02,1.096792719000000069e-02,7.207717551000000222e-01,6.929971333000000122e-01
5.465691333999999735e+00,-4.304843606000000023e+01,7.243173035000000093e-01,1.075077818000000178e-02,7.408290538000000119e-03,7.140879810000001493e-01,6.999342064000000363e-01
5.438903102000000267e+00,-4.292550098000000247e+01,7.311472686000000110e-01,8.899925440999999909e-03,1.029115765999999953e-02,7.029809687000000418e-01,7.110785055000000687e-01
5.415976981000000023e+00,-4.280497472999999786e+01,7.475382127999999904e-01,5.273053605000001254e-03,1.468268533000000042e-02,7.042797627000001448e-01,7.097511038999999577e-01
5.407290809000000031e+00,-4.268132788999999860e+01,7.582235166999999887e-01,7.052252081999999846e-03,2.206308633999999949e-02,7.018838753999999680e-01,7.119146799000000136e-01
5.400136218000000099e+00,-4.255601770999999900e+01,7.557214024999999724e-01,9.601189334000002559e-03,2.483098081000000013e-02,6.887023822000001294e-01,7.245552210000000271e-01
5.394295980999999962e+00,-4.243113464000000334e+01,7.440760533000000398e-01,8.961585927000000409e-03,1.826403908999999978e-02,6.977394206000000487e-01,7.160627177999999704e-01
5.386782643000000093e+00,-4.230423023000000171e+01,7.360957175000000241e-01,4.846817826000000828e-03,1.203690191000000159e-02,6.885762738999999799e-01,7.250478165999999502e-01
5.378982216999999899e+00,-4.217451318999999899e+01,7.442991990999999752e-01,-5.293416647000000023e-03,1.507546610000000051e-02,6.953832274000000258e-01,7.184614652999999906e-01
5.374501833000000062e+00,-4.204148524000000009e+01,7.568568384999999621e-01,-1.503505949999999793e-02,1.941265761999999909e-02,6.927317996999999838e-01,7.207771843000000400e-01
5.369159926000000027e+00,-4.191406736999999794e+01,7.582073942000000510e-01,-2.010967178000000119e-02,1.931123772999999988e-02,6.951546696999998387e-01,7.183193317999999605e-01
5.359481331999999654e+00,-4.178350508999999846e+01,7.507507772999999496e-01,-1.719205693999999868e-02,1.454426872999999877e-02,6.941633895000000054e-01,7.194651388999999675e-01
5.347411169999999991e+00,-4.165361478999999889e+01,7.435906830999999828e-01,-1.145428983000000220e-02,8.048618982000000852e-03,6.894067189000000484e-01,7.242391835000001610e-01
5.337502172999999850e+00,-4.152353938000000255e+01,7.476188582999999666e-01,-2.617955551000000335e-03,3.384333997000000139e-03,6.860787130000000067e-01,7.275147368000001169e-01
5.326746471999999955e+00,-4.139016014999999982e+01,7.630522638000000191e-01,-4.261569829999999927e-03,8.136339257999999214e-03,6.774431209000000287e-01,7.355178154999999496e-01
5.328778572000000047e+00,-4.125570965000000001e+01,7.736136053000000068e-01,-9.679874988999999721e-03,1.577254760999999977e-02,6.819097392999999840e-01,7.312021842000000493e-01
5.334653982999999933e+00,-4.112111593000000198e+01,7.677182468000000037e-01,-5.810182375000000343e-03,2.174324887999999970e-02,6.769175929000000869e-01,7.357146493999999759e-01
5.343465391999999703e+00,-4.098589841999999805e+01,7.512784566000000330e-01,-2.501074958999999903e-03,2.111937876000000158e-02,6.807715713999999974e-01,7.321869870999999641e-01
5.350928522000000243e+00,-4.085263644999999855e+01,7.412787042999999798e-01,-4.735864947999999901e-03,1.374311049000000173e-02,6.758766277000000100e-01,7.368714152999999989e-01
5.353551297000000098e+00,-4.072224191000000104e+01,7.519326184000000302e-01,-9.207070058000001861e-03,1.234224618999999953e-02,6.771558795000000019e-01,7.356784715999999946e-01
5.354445518000000348e+00,-4.059389952000000079e+01,7.703689356999999793e-01,-1.504676844999999763e-02,1.158638171999999862e-02,6.795207005000000189e-01,7.334105044999998935e-01
5.350512533999999931e+00,-4.046553501999999725e+01,7.754711466999999470e-01,-1.901878124000000447e-02,6.854398083000000363e-03,6.803752284999999844e-01,7.325850474000000778e-01
5.346609980000000206e+00,-4.034074763999999647e+01,7.666700781999999936e-01,-1.436403867000000077e-02,2.959526037999999932e-03,6.821444762999999689e-01,7.310703310999999704e-01
5.341829878000000420e+00,-4.021267006000000066e+01,7.602846129000000452e-01,-5.018451481000000408e-03,4.185200602000000228e-03,6.825617984999999832e-01,7.307986660999999939e-01
5.340336152999999975e+00,-4.008470669999999814e+01,7.689785328999999559e-01,8.068268373999999341e-03,6.343308082999999861e-03,6.741044046999999928e-01,7.385647682999999519e-01
5.339964976000000085e+00,-3.995688634999999778e+01,7.885141547999999778e-01,1.029510955000000061e-02,9.298823959000000403e-03,6.598283473000000621e-01,7.512882899999999697e-01
5.345651048999999766e+00,-3.982686840000000217e+01,7.998985413000000433e-01,4.042301120000000268e-03,1.516145600999999933e-02,6.582787463000000505e-01,7.526107108999999795e-01
5.354650794000000325e+00,-3.969352815999999962e+01,7.955713687000000034e-01,2.558868277999999923e-03,1.802259659999999944e-02,6.519334750999999928e-01,7.580576378000001281e-01
5.368337065000000408e+00,-3.956200032000000277e+01,7.796542409000000173e-01,1.917085971000000253e-03,1.408876309000000118e-02,6.477027017000001052e-01,7.617604884000001020e-01
5.382437623999999587e+00,-3.943379320999999749e+01,7.692537193999999801e-01,4.847614399000000013e-04,7.648836407999999240e-03,6.478062392000000225e-01,7.617665893999999716e-01
5.398482708000000407e+00,-3.930302600000000268e+01,7.772097470000000063e-01,-9.542576755999999244e-03,1.084772297000000107e-02,6.380116736000001065e-01,7.698911418999999645e-01
5.412510903000000262e+00,-3.917963311999999831e+01,7.903942461999999836e-01,-1.341479964000000073e-02,1.331752832999999990e-02,6.474790586999999986e-01,7.618487744000000950e-01
5.424781541999999845e+00,-3.905309802000000019e+01,7.960565524999999587e-01,-1.448173713999999918e-02,1.425663377999999808e-02,6.453166773999999828e-01,7.636448216000000233e-01
5.431023234999999616e+00,-3.893104871999999972e+01,7.882245019000000408e-01,-8.877105515000000696e-03,1.127774387000000239e-02,6.398389393000000203e-01,7.683750003999999523e-01
5.434270099999999992e+00,-3.880385792999999950e+01,7.754931393999999756e-01,1.296559288000000013e-03,8.818350734000000510e-03,6.397348189999999546e-01,7.685440241000000006e-01
5.438189352000000198e+00,-3.868133876000000271e+01,7.768761941999999809e-01,1.432457082000000020e-02,1.037291620999999942e-02,6.308501642999999603e-01,7.757030872000000299e-01
5.445335752000000085e+00,-3.855781851999999787e+01,7.948456401000000282e-01,1.947200867999999974e-02,1.203052341999999962e-02,6.179130144000000158e-01,7.859132356999999347e-01
5.459031162999999687e+00,-3.842980846999999756e+01,8.107866737000000157e-01,1.136765899000000135e-02,1.752979949999999842e-02,6.079789008999999522e-01,7.936782336000000049e-01
5.476339612000000301e+00,-3.830225410999999980e+01,8.103922000000000070e-01,8.966666015999999809e-03,2.204945953000000264e-02,5.963069158999999564e-01,8.024035657000000432e-01
5.494166489999999570e+00,-3.817762148999999994e+01,7.940683534000000376e-01,1.091705756000000034e-02,2.238632410000000045e-02,5.938515773000000442e-01,8.041890165999999729e-01
5.514623714999999926e+00,-3.804765563000000128e+01,7.798045084000000404e-01,9.825541300000000672e-03,2.109720759000000001e-02,5.924719725000000548e-01,8.052548220000000923e-01
5.536824132999999648e+00,-3.791483783000000329e+01,7.857554317999999594e-01,5.182703890999999785e-03,2.243583224999999917e-02,5.919833620000001240e-01,8.056211716000001299e-01
5.562568483999999813e+00,-3.778764630999999952e+01,8.018092250999999671e-01,5.090802541999999960e-04,3.485696088999999664e-02,5.913287271999998485e-01,8.056767772999999799e-01
5.588611763000000288e+00,-3.765973755000000267e+01,8.095634162999999495e-01,-2.880047055999999505e-03,3.758519661999999706e-02,5.918014616999999200e-01,8.052018927999998743e-01
5.612598047999999729e+00,-3.753864936000000085e+01,8.037306093999999623e-01,-8.329684512000000082e-04,3.274188064999999925e-02,5.765804654999999723e-01,8.163836367000000260e-01
5.628997655000000044e+00,-3.741660219999999981e+01,7.943487857000000041e-01,8.209358374999999736e-03,2.670927744000000173e-02,5.708242258000000291e-01,8.205966878999998437e-01
5.651878991000000241e+00,-3.730181613999999968e+01,7.936487745000000427e-01,1.894860250999999551e-02,2.955482552000000124e-02,5.670210741000000221e-01,8.229547766000000486e-01
5.678039562000000373e+00,-3.717895002000000204e+01,8.095010312000000541e-01,1.649173726000000353e-02,3.876306940000000950e-02,5.492866674999999921e-01,8.345715092000000057e-01
5.712388359000000193e+00,-3.706363755000000282e+01,8.255671726000000099e-01,3.922197189000000209e-03,4.342485981000000078e-02,5.256597091000000388e-01,8.495768170999999924e-01
5.752152137000000387e+00,-3.694652124000000271e+01,8.264252651000000283e-01,-1.154611664999999994e-03,4.388283291000000252e-02,5.166792788999999830e-01,8.550529144999999831e-01
5.798576520000000123e+00,-3.683751184999999850e+01,8.134007035000000441e-01,3.561370224000000089e-04,4.142787944000000250e-02,5.015302400000000160e-01,8.641475697999998484e-01
5.845289696000000035e+00,-3.673031747999999652e+01,8.003662521000000085e-01,3.208771721000000174e-03,3.277450116999999774e-02,4.998194931000000119e-01,8.655033276000000386e-01
5.898946930000000144e+00,-3.662497790999999836e+01,7.973357966999999880e-01,8.102039982000000529e-03,2.110854779000000125e-02,4.951792650999999323e-01,8.684965638999998516e-01
5.961095024999999659e+00,-3.652097915000000228e+01,8.073544678999999835e-01,9.299877465000000107e-03,2.169282109999999889e-02,4.818749294999999933e-01,8.759220776999999680e-01
6.021330705999999644e+00,-3.642169937999999973e+01,8.152159370999999544e-01,1.058253676999999955e-02,2.155545773999999887e-02,4.810581568999999225e-01,8.763597560000000453e-01
6.087924168999999885e+00,-3.632108004999999906e+01,8.084588696000000185e-01,1.485276345000000053e-02,1.949583947000000164e-02,4.646469422000000238e-01,8.851567808999999398e-01
6.154796304999999634e+00,-3.621542054999999749e+01,7.918461323000000052e-01,2.314885536000000146e-02,1.447062133999999986e-02,4.453510567000000253e-01,8.949397566000000248e-01
6.225612485000000085e+00,-3.611592618000000243e+01,7.835415217000000210e-01,3.100829728999999688e-02,1.134765783999999895e-02,4.248347479999999843e-01,9.046685320999998670e-01
6.302819862999999856e+00,-3.601684304999999853e+01,7.869045960999999645e-01,3.226777383999999971e-02,1.392878661999999781e-02,3.840318092999999711e-01,9.226507189000000553e-01
6.386641140000000050e+00,-3.592882058000000001e+01,7.960011004999999473e-01,2.357235466999999668e-02,2.387091770000000085e-02,3.687213403999999861e-01,9.289343875999999112e-01
6.478032545999999670e+00,-3.584294675999999669e+01,7.967874638999999926e-01,2.028473490000000032e-02,2.780596842000000388e-02,3.404080201999999944e-01,9.396476667000001060e-01
6.568323523000000108e+00,-3.576918214999999890e+01,7.869017048999999986e-01,2.135580579000000145e-02,2.729098489000000155e-02,3.199168584000000592e-01,9.468116683999999728e-01
6.665634038000000317e+00,-3.569229914999999664e+01,7.699480378999999930e-01,1.911083749000000095e-02,2.461133146999999743e-02,3.185026986999999199e-01,9.474096734000000408e-01
6.762200859000000008e+00,-3.562290995000000038e+01,7.613050570999999600e-01,1.725283795999999967e-02,1.891241057999999697e-02,2.990879806999999779e-01,9.538820891999998386e-01
6.855567018000000346e+00,-3.555422500000000241e+01,7.672389824999999997e-01,1.727692182999999992e-02,2.325544704999999920e-02,3.050217787000000236e-01,9.519046206000000288e-01
6.950480124000000259e+00,-3.548339192000000253e+01,7.741433103000000537e-01,1.414675169000000239e-02,2.121387100000000220e-02,2.934375947000000262e-01,9.556381214000000401e-01
7.042449645999999674e+00,-3.541122560000000163e+01,7.699931843999999748e-01,9.501825677999998360e-03,1.635993686000000030e-02,2.809200262000000059e-01,9.595446871999999683e-01
7.134412141000000318e+00,-3.533071867000000310e+01,7.571450961000000257e-01,9.067452697999999964e-03,7.183467332000001079e-03,2.824030399999999941e-01,9.592260954000001449e-01
7.225251103999999813e+00,-3.525005766999999679e+01,7.477331391000000549e-01,1.287382427000000051e-02,7.198518402000001534e-04,2.772661892000000128e-01,9.607066185000000536e-01
7.317940074000000017e+00,-3.517112338999999821e+01,7.535218101999999751e-01,1.911435183000000093e-02,1.285228463999999902e-03,2.863958172000000135e-01,9.579198429999999931e-01
7.419262464000000001e+00,-3.509598625999999655e+01,7.681237585000000312e-01,1.327500780000000040e-02,1.389344386999999924e-02,2.783159629999999995e-01,9.602973347000000048e-01
7.521421312000000192e+00,-3.502225715000000150e+01,7.772574970000000194e-01,8.298437396000000674e-03,2.143392641000000168e-02,2.707474771000000224e-01,9.623759796999998839e-01
7.627657362999999968e+00,-3.495368055000000140e+01,7.732053607000000106e-01,8.744042675000000819e-03,2.449862855999999922e-02,2.748839099000000008e-01,9.611254834999999330e-01
7.731779098999999711e+00,-3.488262504000000064e+01,7.671327251999999763e-01,2.863842633000000196e-03,2.622400067000000071e-02,2.800705555999999929e-01,9.596168943999998646e-01
7.837413465000000024e+00,-3.481385388000000347e+01,7.737523928999999745e-01,-3.963024053999999671e-03,2.911608472999999836e-02,2.923528090999999995e-01,9.558589764999999572e-01
7.945566999999999602e+00,-3.474389278000000303e+01,7.942845654000000311e-01,-1.092222359000000025e-02,3.225646905999999398e-02,3.013496445000000135e-01,9.529053557000000119e-01
8.050542974000000740e+00,-3.466867335999999966e+01,8.195373049999999937e-01,-1.212725664000000037e-02,3.970552691999999773e-02,3.112786610000000120e-01,9.494113944999998944e-01
8.155543310000000545e+00,-3.459120189000000067e+01,8.312986758999999504e-01,-9.324725770000000247e-03,4.239065077999999709e-02,3.148278651000000483e-01,9.481558402999999968e-01
8.254951726999999906e+00,-3.451532176999999990e+01,8.313434106000000545e-01,-5.979512149000000033e-03,3.777757425000000113e-02,3.174252884000000052e-01,9.475116287000000526e-01
8.353342597999999342e+00,-3.443079475999999772e+01,8.273124356000000068e-01,-2.073271989000000180e-03,2.754809898999999868e-02,3.157321962999999343e-01,9.484460890999998339e-01
8.444818000999999796e+00,-3.434713960999999927e+01,8.321354614000000538e-01,2.540256208999999449e-03,2.232037802999999737e-02,3.086391833999999612e-01,9.509138773999998850e-01
8.536210510000000085e+00,-3.426010354999999663e+01,8.439349448999999836e-01,2.789823654999999854e-03,2.784997001999999638e-02,3.131341060000000232e-01,9.492963855999999589e-01
8.630055394999999407e+00,-3.417080037000000203e+01,8.562797882999999555e-01,-1.319221165999999966e-03,3.277955712999999771e-02,3.195400688999999739e-01,9.470047015000000457e-01
8.719758589999999643e+00,-3.408538304000000352e+01,8.596492185999999869e-01,-3.723439791000000137e-03,3.106264217000000161e-02,3.338022444999999561e-01,9.421238293000000485e-01
8.808257341999999213e+00,-3.399957435999999689e+01,8.500453499000000246e-01,-4.113475923999999895e-03,2.399757711000000474e-02,3.556238842000000178e-01,9.343119654000000551e-01
8.893755767000000034e+00,-3.391451325999999966e+01,8.396924760999999737e-01,-5.426894950000000356e-03,1.462252200000000238e-02,3.750476021999999965e-01,9.268743316999998871e-01
8.979063948000000295e+00,-3.382961929999999739e+01,8.347233480000000316e-01,-5.952095620000000253e-03,1.963499626000000161e-03,4.066859641000000747e-01,9.135465198000001230e-01
9.062335644999999218e+00,-3.373863346000000263e+01,8.270992987999999935e-01,-1.074128283000000059e-02,3.380314300999999379e-03,4.145204267999999526e-01,9.099703368999998432e-01
9.143455250000000589e+00,-3.364614959000000027e+01,8.146954676000000006e-01,-1.675452901999999883e-02,9.184163941999997499e-03,4.385227744999999344e-01,8.985169520999999326e-01
9.226285841999999349e+00,-3.354223873000000111e+01,7.968645847999999976e-01,-2.116158028000000163e-02,1.280821296000000074e-02,4.432076928000000526e-01,8.960776071999999592e-01
9.304430847000000782e+00,-3.343725608999999821e+01,7.777805196000000532e-01,-1.847862741000000017e-02,1.123600516999999875e-02,4.527867340999999768e-01,8.913565312999999213e-01
9.379651515999999134e+00,-3.333144244999999728e+01,7.611028149999999881e-01,-1.049112536000000075e-02,3.455455254000000358e-03,4.610434635999999808e-01,8.873088080000001154e-01
9.448785878000000693e+00,-3.323193219000000198e+01,7.481909900000000002e-01,-6.625673432999999897e-03,1.656791296000000024e-03,4.641921940000000024e-01,8.857081701000000251e-01
9.520617586000000188e+00,-3.312975976999999972e+01,7.337233564999999791e-01,-8.027128954000000219e-03,2.054120677999999884e-03,4.710449356999999448e-01,8.820703000999999821e-01
9.592915896999999248e+00,-3.302910763999999944e+01,7.219151004999999621e-01,-9.576303612000000576e-03,6.280448321000000125e-03,4.703769600000000106e-01,8.823912770999999822e-01
9.668156700999999131e+00,-3.292736479999999943e+01,7.138489967000000158e-01,-5.975896478000001198e-03,1.295015853000000029e-02,4.803369050999999890e-01,8.769680949999999475e-01
9.744472474000000162e+00,-3.282477882999999963e+01,7.117754815000000290e-01,-4.656438697000000191e-04,1.315516599000000030e-02,4.869504357000000172e-01,8.733304060000000035e-01
9.819360203000000453e+00,-3.272592158999999867e+01,7.103611882000000488e-01,3.237836943000000581e-03,9.024633287000000809e-03,4.835888697000000347e-01,8.752427535000001368e-01
9.887075753999999606e+00,-3.263058902000000217e+01,7.032523491000000071e-01,5.876274301999999568e-03,9.365835442000000274e-03,4.942565285000000141e-01,8.692457849000000403e-01
9.954341127999999372e+00,-3.252670358999999678e+01,6.888010902000000213e-01,8.727122149999998885e-03,1.409460203999999932e-02,5.004218161999999248e-01,8.656230041999999347e-01
1.001539411000000079e+01,-3.241817484999999976e+01,6.690812849999999701e-01,7.119854487000000336e-03,1.567720377999999928e-02,4.955503439000000232e-01,8.684085384000000962e-01
1.007064405999999934e+01,-3.230668750000000244e+01,6.477616335000000447e-01,6.324714269000000604e-03,1.079654671000000038e-02,4.946328878999999845e-01,8.690119325000000838e-01
1.012406675000000078e+01,-3.219790766999999931e+01,6.306664822999999975e-01,8.804793712999999314e-03,1.125749661000000068e-02,4.910809496000000385e-01,8.709966965000000005e-01
1.017473633000000000e+01,-3.209301308999999947e+01,6.177798893999999486e-01,5.421128528000000377e-03,1.967051231999999983e-02,4.997797912999999981e-01,8.659121448000000054e-01
1.022641980000000039e+01,-3.198916471000000072e+01,6.034116352999999711e-01,1.822805951999999707e-03,1.948949382999999938e-02,5.053161645999999507e-01,8.627122409999999908e-01
1.027707187000000033e+01,-3.188758371999999852e+01,5.935797388000000341e-01,-4.526100277000000977e-03,2.068852553999999885e-02,5.004875466000000550e-01,8.654846706000001166e-01
1.032975564999999918e+01,-3.178951504999999855e+01,5.864377683000000507e-01,-3.295463449000000152e-03,2.670820806999999950e-02,5.122146552999999880e-01,8.584357625999999852e-01
1.038804921000000014e+01,-3.169085211000000157e+01,5.835019411999999850e-01,3.020622237000000071e-03,3.283357538000000048e-02,5.262342439999999621e-01,8.497001546000000349e-01
1.045029614000000073e+01,-3.159100562000000068e+01,5.794360779999999655e-01,6.232693631999999947e-04,3.688216292999999674e-02,5.190827403000000118e-01,8.539276470000000119e-01
1.050803200000000004e+01,-3.149269119999999944e+01,5.738264991000000537e-01,-6.798768896999999624e-03,4.496033023999999878e-02,5.186874013000001282e-01,8.537539020000001200e-01
1.056070268000000034e+01,-3.139221866999999833e+01,5.676123546000000353e-01,-1.027666703000000049e-02,4.916418250000000045e-02,5.188225596000000106e-01,8.534051939000000253e-01
1.060459417999999943e+01,-3.129256954999999962e+01,5.631466526999999722e-01,-1.334912683000000037e-02,4.563677163000000314e-02,5.044024267000000172e-01,8.621584991999998726e-01
1.064542508999999981e+01,-3.119405929999999927e+01,5.592737512000000022e-01,-1.032461139000000194e-02,3.773371850999999999e-02,5.002856624999999502e-01,8.649761990000000011e-01
1.068034847000000021e+01,-3.110073825999999997e+01,5.590423880999999540e-01,1.533738856000000034e-03,3.093125471000000154e-02,4.897477757000000542e-01,8.713139626000000471e-01
1.072367565999999961e+01,-3.101343384999999842e+01,5.607552528000000480e-01,1.117970220999999799e-02,3.284846461999999662e-02,4.789201039000000049e-01,8.771724611999999199e-01
1.076463445999999990e+01,-3.092757285000000067e+01,5.603742702999999770e-01,1.459707973000000034e-02,3.252395786000000094e-02,4.836204876999999902e-01,8.745515085999999716e-01
1.081547164999999922e+01,-3.083854558000000168e+01,5.600387995000000174e-01,9.476944149999999567e-03,2.960197792999999522e-02,4.802610997999999798e-01,8.765746895999998456e-01
1.085990907000000050e+01,-3.075248956000000078e+01,5.605074133999999875e-01,7.959398205999999518e-03,2.230251765999999997e-02,4.797502197999999884e-01,8.770854987999999741e-01
1.091076005999999943e+01,-3.066363979000000128e+01,5.662192695000000109e-01,8.084043500000000562e-03,2.071412623999999494e-02,4.936484976999999663e-01,8.693772103999999334e-01
1.096134943999999933e+01,-3.057901834999999835e+01,5.729196299000000048e-01,2.503640339000000065e-03,1.862611592999999580e-02,4.936220743999999994e-01,8.694734309999999633e-01
1.101144324999999924e+01,-3.048688316999999870e+01,5.768247712999999832e-01,-9.995382230000000520e-03,2.223813349000000258e-02,4.965598917000000334e-01,8.676599747000001139e-01
1.106090129000000033e+01,-3.039325604000000070e+01,5.794310950000000071e-01,-1.769674708999999929e-02,2.603210453999999993e-02,5.028631210999999768e-01,8.637927043999999999e-01
1.110225203999999977e+01,-3.030202640999999986e+01,5.817087372000000478e-01,-1.781862151000000033e-02,2.394588644000000127e-02,5.045671350999999527e-01,8.628563596999999641e-01
1.114380657999999968e+01,-3.021214889999999897e+01,5.813361918999999656e-01,-9.876279336000000353e-03,1.925221652000000047e-02,5.061090333000000108e-01,8.621980385999998830e-01
1.118410244999999925e+01,-3.011506281999999857e+01,5.866833156999999854e-01,3.320909895999999816e-04,1.254656426999999942e-02,5.019987109000000336e-01,8.647772937000000049e-01
1.122710782999999957e+01,-3.002125965999999835e+01,6.005967291999999569e-01,7.736442829000000215e-03,1.122608492999999964e-02,4.945083890000000482e-01,8.690659214000000521e-01
1.126932350000000049e+01,-2.992922383999999880e+01,6.152757348999999820e-01,1.113172891000000116e-02,9.369015354000000823e-03,4.888954621000000667e-01,8.722210347000000086e-01
1.131703775000000078e+01,-2.983390770000000103e+01,6.258543360999999638e-01,6.839827472000000429e-03,1.032799258000000053e-02,4.866464308999999822e-01,8.735111908999999564e-01
1.137262205000000037e+01,-2.973742864000000097e+01,6.321726466999999516e-01,5.076993004999999677e-03,1.311937250999999950e-02,4.794526256000000153e-01,8.774550050999999629e-01
1.143605791999999965e+01,-2.963891827999999862e+01,6.355958699000000545e-01,9.168750421000000303e-03,1.608261140999999936e-02,4.849262833999999911e-01,8.743590700000000160e-01
1.150544080999999963e+01,-2.953214402000000049e+01,6.467610604000000318e-01,8.480396476999999683e-03,2.425168819999999961e-02,4.770838134000000008e-01,8.784821986999999943e-01
1.156406246000000060e+01,-2.943021836999999863e+01,6.621543836000000072e-01,1.428429700999999958e-03,2.753153508999999638e-02,4.784268718999999392e-01,8.776945381999999851e-01
1.161786941999999989e+01,-2.933204771000000122e+01,6.767135361999999654e-01,8.557702604999998814e-04,2.839315377999999598e-02,4.913972261999999258e-01,8.704722066999999175e-01
1.167274324999999990e+01,-2.922859758999999968e+01,6.900505191000000371e-01,-1.207500144000000098e-03,3.147287294000000041e-02,4.798144181999999813e-01,8.768044960999998860e-01
1.172475239000000080e+01,-2.911854486000000009e+01,6.981563161999999600e-01,-2.592691842000000371e-03,3.456146781000000306e-02,4.901957467000000457e-01,8.709230234000000515e-01
1.178294022000000041e+01,-2.900347336000000098e+01,6.982555547000000029e-01,7.394051097999998750e-04,3.735648247000000061e-02,4.888201281999999814e-01,8.715840916000000549e-01
1.183840265000000080e+01,-2.888809622000000132e+01,6.987212081000000463e-01,7.007613906000000059e-03,3.781531966999999994e-02,4.906407219000000208e-01,8.705128240999999711e-01
1.189462688000000057e+01,-2.877247743999999940e+01,7.026804148999999944e-01,8.286000684000002434e-03,4.163577623999999838e-02,4.889103834000000370e-01,8.713004312000000029e-01
1.194815168000000050e+01,-2.865084634000000108e+01,7.106908382000000080e-01,-4.705046904999999474e-03,4.485468035999999603e-02,4.910055241999999320e-01,8.699882156999998450e-01
1.200711214999999932e+01,-2.852735436000000036e+01,7.064276156000000029e-01,-1.654302032000000075e-02,4.803909902000000343e-02,4.860379985000000125e-01,8.724595334000000424e-01
1.205990204000000077e+01,-2.840745783999999929e+01,6.940216327999999546e-01,-1.949264024000000109e-02,4.948836551000000000e-02,4.996572611000000275e-01,8.645886652000001060e-01
1.210926380000000080e+01,-2.829411539999999903e+01,6.874014045999999878e-01,-1.248636569000000085e-02,4.275692049000000272e-02,5.180961112999999951e-01,8.541617855999998898e-01
1.215147022999999926e+01,-2.817948347000000098e+01,6.929841527000000223e-01,-9.579648837000000194e-03,4.454878477000000225e-02,5.326442614999999936e-01,8.451116653000000367e-01
1.218934959000000084e+01,-2.805854520999999835e+01,7.000217855999999461e-01,-1.219138948000000021e-02,5.100253678000001012e-02,5.404890137000001316e-01,8.397152716000000350e-01
1.221978554999999922e+01,-2.793147021000000052e+01,6.935367319999999891e-01,-1.913010511000000011e-02,5.223233096999999742e-02,5.394074782000000123e-01,8.402055671999999475e-01
1.224277228999999956e+01,-2.779981859999999827e+01,6.743904754999999751e-01,-1.984762526000000138e-02,4.640073549999999825e-02,5.387217711999999770e-01,8.409708061999999762e-01
1.225770851000000050e+01,-2.767898325000000170e+01,6.611295941000000509e-01,-1.528953496000000009e-02,3.790554800999999807e-02,5.290906007000000244e-01,8.475804007999998557e-01
1.227403894999999956e+01,-2.756021099999999890e+01,6.645025721999999746e-01,-9.188054007999999287e-03,4.065785278000000336e-02,5.256408427000001105e-01,8.496847787000000318e-01
1.229206018000000000e+01,-2.743479209999999924e+01,6.779576527999999769e-01,-1.954856251999999989e-02,4.609198402999999111e-02,5.157331481000000384e-01,8.552851586999999922e-01
1.231655714999999951e+01,-2.731040471000000025e+01,6.868951134999999875e-01,-2.669088827999999830e-02,5.295445773000000134e-02,5.042882690000000112e-01,8.614968158000000376e-01
1.234378307999999969e+01,-2.719141752000000167e+01,6.794407742000000416e-01,-2.069983102000000005e-02,5.895622900999999277e-02,4.983336650999999340e-01,8.647307315999999133e-01
1.237261645999999971e+01,-2.707441229000000149e+01,6.640887823000000134e-01,-1.096157313000000084e-02,6.011462095999998978e-02,4.917860007000000033e-01,8.685692866999999984e-01
1.239473815999999928e+01,-2.695763167999999865e+01,6.615459882999999985e-01,-2.853625716000000000e-03,5.495876893999999957e-02,5.052381034000000826e-01,8.612234608000000069e-01
1.241759202999999978e+01,-2.683704636999999948e+01,6.731653684999999721e-01,-7.344334695000001231e-03,5.793679369000000190e-02,5.046515413000000061e-01,8.613455813000000516e-01
1.243308956999999992e+01,-2.671756463999999909e+01,6.873008318000000116e-01,-1.313532960999999957e-02,6.277690324000001487e-02,5.054766134000000521e-01,8.604533206000000156e-01
1.244939865999999995e+01,-2.660084829999999911e+01,6.871054425000000521e-01,-1.654331959999999838e-02,6.124980235999999412e-02,5.044937311999999618e-01,8.610812129999999565e-01
1.245998454000000066e+01,-2.648233494000000121e+01,6.711829053000000211e-01,-1.177553416000000006e-02,5.231960287000000237e-02,4.927303177000000312e-01,8.685279673000000367e-01
1.246517230000000076e+01,-2.637010465999999909e+01,6.502356285999999486e-01,4.722612584999999127e-03,4.257070659999999396e-02,4.982800130999999744e-01,8.659575395999998815e-01
1.247532960000000024e+01,-2.625334056000000160e+01,6.361929209000000141e-01,2.004657041999999972e-02,3.276089039999999925e-02,4.870512770000000047e-01,8.725284595000000198e-01
1.248833617999999923e+01,-2.613698439999999934e+01,6.339188027000000059e-01,2.598438118999999921e-02,2.776767869999999944e-02,4.589403758999999194e-01,8.876528033999999678e-01
1.250631105000000076e+01,-2.601735692999999827e+01,6.412723582999999561e-01,2.480953257000000078e-02,3.037019068000000252e-02,4.638263668000000006e-01,8.850577608999999901e-01
1.253482200999999918e+01,-2.589607078999999956e+01,6.433757441999999882e-01,2.423809886999999871e-02,3.376268930000000251e-02,4.532584180000000518e-01,8.904096821000001549e-01
1.256550243999999950e+01,-2.577250718000000163e+01,6.317734455000000304e-01,2.665723877000000450e-02,3.069965818000000221e-02,4.489913280999999756e-01,8.926106149000000434e-01
1.260432701000000044e+01,-2.565274759000000060e+01,6.112858625999999518e-01,3.070057692000000005e-02,2.739356378999999869e-02,4.476458806999999984e-01,8.932638092000000363e-01
1.263920333999999990e+01,-2.553698986999999931e+01,6.029949443000000020e-01,3.747377217000000260e-02,1.850591697000000119e-02,4.520495420000000264e-01,8.910131642999999935e-01
1.268032862999999999e+01,-2.541849171999999868e+01,6.108814725000000223e-01,3.332480729000000114e-02,2.111024460000000130e-02,4.397291955000000030e-01,8.972636454000001427e-01
1.271372951000000029e+01,-2.529665241000000009e+01,6.177798073000000389e-01,2.300259428000000356e-02,1.894303599000000254e-02,4.427004423000000521e-01,8.961742913000000366e-01
1.274930194999999955e+01,-2.517566662000000122e+01,6.090088839999999726e-01,2.032220813000000167e-02,1.557092636999999995e-02,4.392717205000000180e-01,8.979893706000000586e-01
1.278477600000000081e+01,-2.505619833000000085e+01,5.935312270999999473e-01,2.484323807999999981e-02,1.310492230000000029e-02,4.382696441000000220e-01,8.984045822999998654e-01
1.282576884999999933e+01,-2.493284738999999917e+01,5.870550414999999855e-01,2.928755469999999930e-02,1.548228136999999817e-02,4.287173331999999393e-01,9.028310951000000362e-01
1.287081341000000023e+01,-2.481022347000000039e+01,5.989645260999999499e-01,2.467773980000000089e-02,2.476044956999999547e-02,4.124267565999999996e-01,9.103197788000000346e-01
1.292502265000000072e+01,-2.469508564999999933e+01,6.119144036000000453e-01,1.255100248999999751e-02,3.094277184999999833e-02,3.970941697999999520e-01,9.171702336999998373e-01
1.298048887999999934e+01,-2.458377125000000163e+01,6.155340206999999619e-01,5.628572063000000271e-03,3.425883259999999708e-02,3.878129276999999209e-01,9.210840269000000191e-01
1.303975035999999932e+01,-2.447693346999999875e+01,6.096124322000000539e-01,2.947455086999999519e-03,3.392667975000000086e-02,3.832557749000000125e-01,9.230142489999999533e-01
1.310546687000000077e+01,-2.437385949000000096e+01,5.992375937999999680e-01,7.982153206999999901e-04,2.971517522999999814e-02,3.825439864999999884e-01,9.234589702000000067e-01
1.317220037999999960e+01,-2.426746245000000002e+01,5.996597679999999819e-01,-6.475932670999999703e-03,2.800989289999999618e-02,3.833708893999999701e-01,9.231469381000000363e-01
1.323849923999999945e+01,-2.416141569999999916e+01,6.122261889000000235e-01,-1.103114629000000006e-02,2.871444319999999842e-02,3.918732522000000218e-01,9.195048389000000100e-01
1.330605901000000024e+01,-2.405584651999999934e+01,6.209414608000000113e-01,-1.576068257000000014e-02,3.490790710000000324e-02,3.940592131000000276e-01,9.182866521000000448e-01
1.337783632000000011e+01,-2.394780150000000063e+01,6.182586950999999775e-01,-1.662244549999999932e-02,3.834381887999999822e-02,4.019980054000000247e-01,9.146863120999998431e-01
1.344865640999999989e+01,-2.383679614000000058e+01,6.053861237000000006e-01,-1.208355688000000046e-02,3.322416980000000158e-02,4.064836358000000205e-01,9.129738200000000470e-01
1.351551253000000052e+01,-2.372538297999999912e+01,5.910458903999999958e-01,-8.401133900000001473e-03,2.674886488000000409e-02,4.000976169000000082e-01,9.160435666999999782e-01
1.358240709000000024e+01,-2.360702135000000013e+01,5.889307332000000006e-01,-7.583057669999998876e-03,2.835737201999999693e-02,4.066487093999999192e-01,9.131129086000000505e-01
1.365584057999999956e+01,-2.348993940000000080e+01,5.970582988000000535e-01,-9.759494383000000273e-03,2.976063303999999798e-02,3.972410612999999757e-01,9.171796967999999994e-01
1.373154884999999936e+01,-2.337275793999999962e+01,6.052551867000000030e-01,-1.379151233000000011e-02,3.215738441000000336e-02,3.952686280000000107e-01,9.178989097999999958e-01
1.381311046000000076e+01,-2.325771062999999828e+01,5.987778965000000175e-01,-1.107644940999999959e-02,3.279104722000000111e-02,4.022980608999999763e-01,9.148542669000000460e-01
1.390110984999999921e+01,-2.314866019000000108e+01,5.828967863999999777e-01,-1.118852946999999987e-02,2.939267131000000005e-02,3.846540940000000020e-01,9.225248591000000387e-01
1.398246439999999957e+01,-2.303624263000000028e+01,5.735194134000000110e-01,-1.411051408999999986e-02,2.375252313000000143e-02,3.916451564000000274e-01,9.197014637999999520e-01
1.406500997999999925e+01,-2.292165701000000055e+01,5.818829881000000537e-01,-1.683568984999999837e-02,3.037563280000000338e-02,4.083037111000000219e-01,9.121852662999999639e-01
1.414990638999999994e+01,-2.280687791000000075e+01,5.941110940999999590e-01,-1.803039440000000354e-02,3.506587290999999690e-02,4.053543841999999731e-01,9.133088813000000972e-01
1.422860733999999994e+01,-2.268995535999999902e+01,5.914610823000000517e-01,-1.942812991999999864e-02,3.622226731000000033e-02,4.045163562999999907e-01,9.136065962000000651e-01
1.430763553999999971e+01,-2.257239266999999927e+01,5.762446931000000383e-01,-1.036725473999999987e-02,3.570577534000000247e-02,4.118512101000000314e-01,9.104922834999999992e-01
1.439002216999999995e+01,-2.245927727000000118e+01,5.652912107999999991e-01,3.653053588000000542e-03,3.420979763999999756e-02,4.019827720999999965e-01,9.150006535000001495e-01
1.446816598999999925e+01,-2.234653048999999925e+01,5.702529547000000365e-01,1.035559228999999998e-02,3.318791944999999882e-02,3.866833076999999785e-01,9.215570211000001510e-01
1.454722785999999957e+01,-2.223573045999999920e+01,5.844119898999999840e-01,4.250609810999999606e-03,3.393770519000000041e-02,3.643750907000000150e-01,9.306239615000001519e-01
1.463022160000000049e+01,-2.212869064999999935e+01,5.915926057000000515e-01,-1.506658319999999935e-03,3.815500311000000200e-02,3.741627866000000191e-01,9.265765672000000341e-01
1.471761597999999971e+01,-2.202677921000000083e+01,5.835060439999999460e-01,-1.398239905999999972e-03,3.794115519999999991e-02,3.651545831999999936e-01,9.301723733000000216e-01
1.480716128000000076e+01,-2.193013716000000102e+01,5.694863889000000290e-01,5.642158426000000448e-04,3.477291857999999930e-02,3.639141422999999653e-01,9.307830160000000186e-01
1.489587623000000072e+01,-2.183892038000000113e+01,5.622173670000000234e-01,4.029918967000000428e-03,2.852032912000000003e-02,3.717726067000000079e-01,9.278768666000001275e-01
1.498474116999999950e+01,-2.174769726999999975e+01,5.747311581999999808e-01,2.131052391000000205e-03,3.309956505000000160e-02,3.653047264000000016e-01,9.302969064999998539e-01
1.506763019999999997e+01,-2.165310025000000138e+01,5.858793158999999751e-01,-3.469936899000000165e-03,3.322995634999999920e-02,3.716559480000000137e-01,9.277691447000000480e-01
1.515063849999999945e+01,-2.155748086999999913e+01,5.835132036000000300e-01,-4.493013157000000368e-03,3.047181189999999956e-02,3.787782352999999880e-01,9.249747726000000503e-01
1.523370118999999967e+01,-2.146208105999999916e+01,5.725602035000000312e-01,2.234137540000000199e-03,2.461391225000000155e-02,3.737320943999999923e-01,9.272073584000001256e-01
1.531476366000000056e+01,-2.137158928999999929e+01,5.618754835000000503e-01,1.389567732000000083e-02,1.975646617000000049e-02,3.686247735000000025e-01,9.292644233999999281e-01
1.539466621000000046e+01,-2.128491260999999923e+01,5.667397894000000269e-01,2.704474451999999696e-02,1.242366643000000076e-02,3.610965361999999845e-01,9.320533922000000526e-01
1.548202384000000009e+01,-2.119069118999999901e+01,5.822127061999999853e-01,2.726914691000000002e-02,1.246549949000000032e-02,3.425997198999999882e-01,9.390028950000000041e-01
1.557337170999999998e+01,-2.109698759000000123e+01,5.853979034999999831e-01,2.307786121999999551e-02,1.720912657000000026e-02,3.384466590999999913e-01,9.405451171000001054e-01
1.566791845000000016e+01,-2.100199767999999878e+01,5.686802373999999549e-01,2.005200253000000502e-02,1.740831279000000162e-02,3.286626389000000259e-01,9.440740107000000769e-01
1.576190670000000082e+01,-2.091054305000000113e+01,5.457895945999999832e-01,2.020362047999999661e-02,1.598699724999999572e-02,3.350921834999999738e-01,9.418330310000000427e-01
1.585518556999999973e+01,-2.082348225999999869e+01,5.316137134999999736e-01,2.112381068000000056e-02,1.040429353999999980e-02,3.465059910000000132e-01,9.377521706000000457e-01
1.595018886000000080e+01,-2.073973557000000056e+01,5.357886660999999773e-01,2.080789635000000054e-02,9.059293132000002455e-03,3.403571582000000095e-01,9.400223218000000047e-01
1.604429073000000017e+01,-2.065481557000000024e+01,5.440647217999999841e-01,1.832247576000000169e-02,1.605940121999999484e-02,3.348454794999999873e-01,9.419580071999998916e-01
1.613288431000000145e+01,-2.056128744000000097e+01,5.455778796000000375e-01,1.485465480000000039e-02,2.018614032000000391e-02,3.483535389999999898e-01,9.370281056999999469e-01
1.622295095000000131e+01,-2.046707397999999856e+01,5.323360101999999872e-01,1.462538203000000002e-02,2.072237074999999998e-02,3.431931183999999968e-01,9.389223424000000540e-01
1.630970457999999823e+01,-2.037200235999999975e+01,5.173974088999999665e-01,1.996519496000000171e-02,2.024429372000000060e-02,3.293297369000000030e-01,9.437867788999999563e-01
1.638732801000000094e+01,-2.027668451999999988e+01,5.193709980999999809e-01,2.886316182000000369e-02,2.452968703000000042e-02,3.581537926999999732e-01,9.328939238000000245e-01
1.647959390999999840e+01,-2.019045668000000049e+01,5.356912874999999463e-01,2.935121956000000254e-02,2.672755277000000290e-02,3.231297907999999830e-01,9.455216983999999991e-01
1.656732411000000127e+01,-2.010300691000000128e+01,5.485108702000000003e-01,2.135078591000000303e-02,2.984735641000000120e-02,2.951340698000000096e-01,9.547508367000000495e-01
1.665094603000000006e+01,-2.001517013000000134e+01,5.461016239000000549e-01,1.690400193999999981e-02,2.735660171000000446e-02,3.194896712000000472e-01,9.470439383000001099e-01
1.674003623999999846e+01,-1.992969656000000001e+01,5.348193564000000011e-01,1.315221706999999962e-02,2.285767203000000150e-02,3.007175907999999898e-01,9.533485598999998922e-01
1.682845507000000040e+01,-1.984429560999999964e+01,5.268063526999999802e-01,1.003683694999999917e-02,1.816596250000000051e-02,3.074699954999999818e-01,9.513314152000000856e-01
1.691593748000000019e+01,-1.975983877999999905e+01,5.360791104000000029e-01,9.925675365000000833e-03,1.704320921000000016e-02,3.299221935000000161e-01,9.438020746999999933e-01
1.700823911000000166e+01,-1.967339691000000101e+01,5.526411440999999813e-01,6.343684094999999662e-03,2.258130947999999888e-02,3.203691772999999743e-01,9.470023401999999590e-01
1.709954704000000092e+01,-1.958648562000000126e+01,5.594391068999999828e-01,-4.390277502000000318e-04,2.422477123000000079e-02,3.263957630000000054e-01,9.449226284000000753e-01
1.718909973999999963e+01,-1.949328206999999935e+01,5.528096303999999739e-01,-2.170213901000000133e-03,2.355191233000000078e-02,3.275463075999999751e-01,9.445390483999999143e-01
1.727792283999999867e+01,-1.940175599999999889e+01,5.410730458000000409e-01,2.216326868999999797e-03,2.219948533000000099e-02,3.225704464999999965e-01,9.462825042000001519e-01
1.736123132000000169e+01,-1.931000644999999949e+01,5.369042223000000114e-01,7.849000933000000249e-03,2.290626524999999844e-02,3.267605952999999563e-01,9.447969144999999180e-01
1.745730211000000054e+01,-1.921913642999999894e+01,5.491291964000000192e-01,1.968143822000000074e-03,3.367717827999999747e-02,3.059799355999999748e-01,9.514400942999999833e-01
1.755443310000000068e+01,-1.912945120999999915e+01,5.595650215999999899e-01,-8.040790307000000858e-03,3.956740922000000216e-02,2.847837483999999808e-01,9.577410831999998431e-01
1.765016157000000163e+01,-1.904327972999999830e+01,5.582759844000000360e-01,-9.632892169000000296e-03,4.157103658999999896e-02,2.926200735000000219e-01,9.552761637000001249e-01
1.774792893000000049e+01,-1.895986994000000081e+01,5.453092364999999608e-01,-6.128966738000000102e-03,3.553188909999999839e-02,2.943525488000000023e-01,9.550164907999998398e-01
1.784411173999999889e+01,-1.887766591999999832e+01,5.332298041999999905e-01,-5.562722434999999542e-03,2.700183867000000015e-02,3.012702227999999316e-01,9.531401836999998656e-01
1.794251866999999834e+01,-1.880203930000000057e+01,5.379615167000000309e-01,-8.927528912000000372e-03,2.637462943999999837e-02,2.996548741999999765e-01,9.536412504000000290e-01
1.804304859999999877e+01,-1.872067849000000095e+01,5.501888427000000137e-01,-1.366345808999999863e-02,3.032248698999999784e-02,2.922335848999999541e-01,9.557684805999998590e-01
1.814150465000000167e+01,-1.863772475000000028e+01,5.531017512000000469e-01,-1.548257997000000198e-02,3.390122257000000028e-02,3.128557288000000103e-01,9.490691702000000340e-01
1.824044300999999990e+01,-1.855533134999999945e+01,5.440419905000000167e-01,-1.093840598999999865e-02,3.027647605999999811e-02,3.137644981000000111e-01,9.489549652000000002e-01
1.834106042999999886e+01,-1.847342807000000064e+01,5.286493984000000257e-01,-4.988170267999999900e-03,2.309039024000000134e-02,3.049842661000000676e-01,9.520643619999999974e-01
1.843741698999999912e+01,-1.838980726999999860e+01,5.227783943999999572e-01,-9.940347448000000797e-04,1.655736267999999636e-02,2.978569301999999808e-01,9.544664031999998688e-01
1.853389917000000153e+01,-1.830573324999999940e+01,5.356917851000000397e-01,5.719310165000000661e-03,1.535301822000000212e-02,2.866610802999999819e-01,9.578919559999999889e-01
1.863315013000000064e+01,-1.822887687000000057e+01,5.526961992000000157e-01,8.791868608999999293e-03,1.718826181000000092e-02,2.764308081999999889e-01,9.608398799999999795e-01
1.873480067999999932e+01,-1.815366176999999936e+01,5.580550174999999724e-01,1.286648249999999827e-02,2.165873948999999868e-02,2.680471910000000180e-01,9.630763501000000337e-01
1.883904757000000174e+01,-1.808035067999999868e+01,5.480966548000000271e-01,1.737703381000000116e-02,2.027525117000000127e-02,2.662105374000000024e-01,9.635449665999999969e-01
1.894045342000000076e+01,-1.800696452000000036e+01,5.338231388999999938e-01,2.035790911999999994e-02,1.316636493000000047e-02,2.675289100000000087e-01,9.632447688000000952e-01
1.904216557999999893e+01,-1.793335804999999894e+01,5.317241295000000312e-01,2.017162335000000431e-02,1.102512672000000200e-02,2.673421035999999917e-01,9.633274375000001610e-01
1.914173990000000103e+01,-1.785927801000000059e+01,5.459619444000000099e-01,2.283852709999999869e-02,9.626858523999999931e-03,2.796666200999999852e-01,9.597772172999999851e-01
1.924480535000000003e+01,-1.778157189999999943e+01,5.576025267999999979e-01,2.346141364000000132e-02,8.140366944999999702e-03,2.783031019000000161e-01,9.601722136999999435e-01
1.934097122000000013e+01,-1.769844408000000158e+01,5.561930107000000456e-01,2.206337016000000165e-02,1.128720105999999950e-03,2.723415154000000116e-01,9.619470009999999682e-01
1.943585954999999998e+01,-1.761288392999999886e+01,5.460840822000000427e-01,2.527149043999999886e-02,-7.742866678000000051e-03,2.753099514999999831e-01,9.609921073999999619e-01
1.953412734999999856e+01,-1.752665243999999944e+01,5.415842383000000204e-01,3.060206672999999516e-02,-9.663614964000000543e-03,2.626058548999999909e-01,9.643693757999999283e-01
1.963974557999999959e+01,-1.744107426000000061e+01,5.529351740000000293e-01,3.038077402000000093e-02,-9.403383147999998509e-04,2.516769557999999907e-01,9.673338794000000407e-01
1.974653461000000121e+01,-1.736005967999999910e+01,5.678423938000000115e-01,2.641780201999999883e-02,7.853967544999999884e-03,2.430674130999999905e-01,9.696177843000000074e-01
1.985575172000000066e+01,-1.728656541999999874e+01,5.709112682000000438e-01,2.315518588000000169e-02,1.386378908000000104e-02,2.326999599000000030e-01,9.721740385999999567e-01
1.996807182999999952e+01,-1.721743900999999966e+01,5.604776706999999858e-01,2.015107420000000066e-02,1.025417215999999826e-02,2.152820357999999934e-01,9.762901367999999858e-01
2.007848729999999904e+01,-1.715254004000000165e+01,5.457098167999999694e-01,1.614150991000000077e-02,1.827242443999999933e-03,2.053480549999999738e-01,9.785541829999999663e-01
2.018187959000000120e+01,-1.709119937999999905e+01,5.412058533000000393e-01,1.271479366999999847e-02,-8.555030304999999141e-03,2.117007701999999991e-01,9.772143722999999671e-01
2.028926098999999894e+01,-1.703045605999999879e+01,5.541896438000000202e-01,8.108867824999999377e-03,-4.151673772999999769e-03,2.082953203999999836e-01,9.780235525999998458e-01
2.039758868999999919e+01,-1.696518663000000160e+01,5.658101643999999819e-01,2.447832639000000095e-03,2.473800917000000196e-03,2.089759260000000063e-01,9.779145928000000376e-01
2.050642364999999856e+01,-1.690143972999999988e+01,5.644595601999999879e-01,2.405948298999999874e-03,2.070836557999999883e-03,2.197034756000000033e-01,9.755615336000000859e-01
2.062031391000000013e+01,-1.683751167999999865e+01,5.569965394000000458e-01,8.878379318000000076e-03,-1.046040317000000068e-03,2.147964690999999982e-01,9.766179176000000517e-01
2.073220784000000094e+01,-1.677119199999999921e+01,5.561962954000000403e-01,1.520026084999999937e-02,-3.660693211000000478e-03,2.109797347000000045e-01,9.773653885999999957e-01
2.084716547000000020e+01,-1.671129847999999996e+01,5.706790491000000021e-01,2.190509554999999983e-02,-7.417547759999999595e-03,1.925484936000000091e-01,9.810148950999998396e-01
2.095810306999999995e+01,-1.664892956999999996e+01,5.904089023999999908e-01,2.082478662000000064e-02,-3.800212780000000214e-03,1.724630294000000230e-01,9.847885001999999721e-01
2.107203223999999864e+01,-1.658971073000000018e+01,6.007185824999999868e-01,1.779288928000000158e-02,1.784263794999999984e-03,1.750845038999999936e-01,9.843910026000001201e-01
2.119183280000000025e+01,-1.653580377999999840e+01,5.943200110999999897e-01,1.858963861000000051e-02,2.519204903000000009e-03,1.668223698000000088e-01,9.858084884000000159e-01
2.130975735000000171e+01,-1.648174824999999899e+01,5.820036964000000479e-01,1.811997594000000142e-02,-6.801774447000001481e-04,1.707997760999999948e-01,9.851388938999999789e-01
2.143120388999999903e+01,-1.642632529999999846e+01,5.768652197000000426e-01,1.203745093999999960e-02,-3.146370365000000172e-03,1.696598595000000098e-01,9.854241381999999660e-01
2.155169203999999894e+01,-1.636991340999999878e+01,5.914035148999999825e-01,2.425145959000000583e-03,1.093595194000000033e-03,1.690004508999999877e-01,9.856123834000001249e-01
2.167040459000000041e+01,-1.631373237000000032e+01,6.043546382000000161e-01,-1.761347456999999821e-03,5.102291660999999645e-03,1.826930225999999768e-01,9.831551879999999022e-01
2.178853283000000118e+01,-1.625776806000000008e+01,6.034841104000000511e-01,-1.281111284000000091e-03,7.699086201999999143e-03,1.886367287999999587e-01,9.820159201000000504e-01
2.190742132000000097e+01,-1.619802806999999945e+01,5.920233334000000180e-01,2.169455315999999859e-03,1.081683760999999945e-02,1.823235854999999961e-01,9.831766879000000126e-01
2.202635456000000147e+01,-1.613704012000000176e+01,5.840717454999999614e-01,2.947354027000000012e-03,1.147832498000000111e-02,1.868374188000000158e-01,9.823193677000000568e-01
2.214623415999999878e+01,-1.607902045999999885e+01,5.909448604000000493e-01,7.922789814999999305e-03,8.510584140999999728e-03,1.728384582999999974e-01,9.848815495999998504e-01
2.226298036000000025e+01,-1.602833155000000076e+01,6.083116279000000404e-01,1.441736394999999955e-02,6.363429977999999869e-03,1.605927501999999951e-01,9.868949361000001197e-01
2.237638851999999900e+01,-1.597870649000000043e+01,6.214077205000000381e-01,1.549277998000000121e-02,5.037128212000000112e-03,1.690348895999999879e-01,9.854754219000000370e-01
2.249881514000000138e+01,-1.593424455000000073e+01,6.160184705000000260e-01,1.384634371000000030e-02,9.633490745000001989e-05,1.488838664999999895e-01,9.887577376999999723e-01
2.261836903000000021e+01,-1.588936024000000025e+01,5.979281283999999808e-01,1.213781713999999810e-02,-6.865099686999999798e-03,1.403670801000000135e-01,9.900013265999999534e-01
2.273949552999999923e+01,-1.584661443000000070e+01,5.831286543999999461e-01,1.053764417000000071e-02,-1.327730258000000066e-02,1.619913290999999977e-01,9.866465833999999990e-01
2.286467299999999980e+01,-1.580731057000000028e+01,5.870268904000000010e-01,1.047296248000000041e-02,-1.515594267000000030e-02,1.604221781000000069e-01,9.868765572000001152e-01
2.299188421999999932e+01,-1.576747877999999936e+01,5.993780569000000114e-01,9.907395330999999375e-03,-8.573149195999999611e-03,1.568516879000000086e-01,9.875352615000000389e-01
2.312049706000000171e+01,-1.572541902999999941e+01,6.012910897000000032e-01,8.086084430999999906e-03,-1.295676870999999935e-03,1.597259235000000055e-01,9.871274314000000327e-01
2.325240519999999833e+01,-1.568613511999999943e+01,5.879055694999999471e-01,1.390361892000000106e-02,2.772007396000000529e-03,1.594787047000000291e-01,9.870995634000001573e-01
2.338540671999999887e+01,-1.564442868000000075e+01,5.721108526999999500e-01,2.138816354000000128e-02,6.703653125000000323e-03,1.485867556000000089e-01,9.886453275000000041e-01
2.351708999999999961e+01,-1.560309973000000028e+01,5.697520794999999527e-01,2.953154242000000096e-02,1.081582288999999829e-02,1.414622757000000008e-01,9.894439501999999775e-01
2.365167139000000063e+01,-1.556223119999999938e+01,5.809300628000000355e-01,2.990549258999999904e-02,2.167412213000000087e-02,1.139601756000000049e-01,9.927985558000000932e-01
2.378177630000000065e+01,-1.552600196000000032e+01,5.896000286000000479e-01,2.203953532000000465e-02,3.197539030000000337e-02,1.016486801999999939e-01,9.940620599999999696e-01
2.391099031999999980e+01,-1.549463324000000064e+01,5.814854956999999658e-01,1.691527150999999965e-02,3.319776266999999864e-02,9.825329036999999599e-02,9.944637113000001083e-01
2.403819474000000156e+01,-1.546855925000000020e+01,5.618835455999999784e-01,1.428940188000000014e-02,2.855837899999999832e-02,9.428632691999999649e-02,9.950328238000000214e-01
2.416078693000000044e+01,-1.544284505000000074e+01,5.465693418000000525e-01,9.325184311000000309e-03,1.962618866999999920e-02,1.034250869999999989e-01,9.943998717999998904e-01
2.428767868999999990e+01,-1.541636135999999979e+01,5.497770527999999990e-01,4.030401333000000266e-03,1.955483482999999939e-02,1.071117254999999907e-01,9.940464991999998778e-01
2.441376380999999895e+01,-1.538418558999999952e+01,5.623196389000000295e-01,-2.830067583999999747e-03,2.933908494999999672e-02,1.047162713999999911e-01,9.940652450000000417e-01
2.453884400000000099e+01,-1.535196037000000047e+01,5.635486652000000207e-01,-7.115989900000000389e-03,3.294946269000000039e-02,1.276293789999999873e-01,9.912489279999999736e-01
2.466235254000000054e+01,-1.532046975000000089e+01,5.516568724000000534e-01,-7.499905133999999751e-03,2.801172563000000129e-02,1.274449500000000013e-01,9.914216456000000122e-01
2.478716671999999832e+01,-1.528684385999999940e+01,5.361491701999999693e-01,-5.419427965000000146e-03,2.069068166999999889e-02,1.001817182000000056e-01,9.947392365999999653e-01
2.490489081000000127e+01,-1.525247141999999911e+01,5.361520747000000364e-01,2.158776831999999982e-03,1.158825071000000109e-02,1.006394114000000034e-01,9.948531353999999771e-01
2.503180968999999934e+01,-1.522131721999999954e+01,5.492720827999999500e-01,1.129121464999999908e-02,7.782570546999999922e-03,9.209346220000000360e-02,9.956559316999999965e-01
2.515990100999999868e+01,-1.519134187999999952e+01,5.603657616999999647e-01,1.475990460000000011e-02,1.642933711000000088e-02,8.217793589999999870e-02,9.963729265999999862e-01
2.529037964999999843e+01,-1.516251489000000063e+01,5.540033210999999458e-01,1.805956615999999848e-02,2.338947367000000083e-02,8.947723336000000527e-02,9.955504052000001547e-01
2.542878165999999851e+01,-1.514038812999999983e+01,5.328771686000000063e-01,2.032406829000000040e-02,2.455261652000000072e-02,6.128248952999999777e-02,9.976114261999999844e-01
2.555591834999999890e+01,-1.511337158999999986e+01,5.163923725000000298e-01,2.101689362000000103e-02,1.951556903999999981e-02,6.715169414000000947e-02,9.973304781999999813e-01
2.568307141000000016e+01,-1.508463120999999951e+01,5.208698980999999506e-01,1.523155269999999957e-02,1.920098876999999996e-02,9.031579687000002021e-02,9.956115601000000703e-01
2.581417884000000029e+01,-1.505559313000000010e+01,5.409936506000000422e-01,6.902089477000000403e-03,2.304194924999999894e-02,6.510557510999998021e-02,9.975884390999998352e-01
2.594231929000000036e+01,-1.502080113000000061e+01,5.490887219000000208e-01,-1.679299735000000082e-03,2.474435197999999905e-02,6.913646767000000692e-02,9.972988749000000208e-01
2.607058496000000147e+01,-1.498875078999999921e+01,5.391549862000000193e-01,1.187814874000000121e-04,2.321953288999999837e-02,6.948892564000000438e-02,9.973124527000000183e-01
2.619725307999999941e+01,-1.495885664999999953e+01,5.279648076999999828e-01,9.704845268999999497e-03,1.827191551000000025e-02,5.875734380000000034e-02,9.980578779000000011e-01
2.632291247999999939e+01,-1.492713350000000005e+01,5.338198397000000206e-01,1.714911398999999920e-02,1.666203064999999955e-02,5.259464772999999926e-02,9.983296487999999691e-01
2.645322897000000140e+01,-1.489659503999999934e+01,5.511018493999999546e-01,1.739191491000000034e-02,1.693541234000000076e-02,3.175959299000000180e-02,9.992007012000000410e-01
2.658079031000000114e+01,-1.486888465000000004e+01,5.622276912000000459e-01,1.150446694999999846e-02,1.811492597000000093e-02,2.048097306000000103e-02,9.995599163999999703e-01
2.671266543000000127e+01,-1.484728267999999929e+01,5.570639668000000322e-01,7.135832935999999668e-03,1.701513425000000107e-02,9.154900388999999417e-03,9.997878539000001341e-01
2.684002917999999838e+01,-1.482922225999999988e+01,5.436331912999999849e-01,4.634673419000000238e-03,9.280965670000000320e-03,3.559640799000000043e-03,9.999398543999999944e-01
2.696949004000000016e+01,-1.481818239000000048e+01,5.330191144000000492e-01,2.442337900000000027e-03,-1.277262167999999908e-03,8.583193971000000269e-03,9.999593653999999665e-01
2.710088653000000036e+01,-1.480879902999999942e+01,5.399088019000000127e-01,6.077366683999999497e-04,-7.346559590000000146e-03,7.217406965000001560e-04,9.999725685000000475e-01
2.723531656000000112e+01,-1.479757539000000044e+01,5.577714223999999943e-01,-1.475489362000000039e-03,-5.846241975000000292e-03,7.020364205999999360e-05,9.999818195999999881e-01
2.737082559999999987e+01,-1.478647928000000000e+01,5.657120074000000498e-01,-2.556107016000000107e-03,-4.991824288999999887e-03,3.286608712000000081e-03,9.999788728999999821e-01
2.751120769999999993e+01,-1.477472399000000003e+01,5.557046745000000509e-01,5.504947487999998753e-04,-5.146795743000000083e-03,-7.630153649999999767e-03,9.999574932000000471e-01
2.764987668999999926e+01,-1.476022672000000036e+01,5.393385372000000233e-01,5.565413557000000767e-03,-7.260493672000000592e-03,-8.640097302999999451e-03,9.999208269000000593e-01
2.778886486000000033e+01,-1.475088496999999954e+01,5.370824837000000018e-01,1.268795673000000165e-02,-1.085973519000000068e-02,-3.128933527000000298e-02,9.993708317999999702e-01
2.791899778000000154e+01,-1.474186766000000048e+01,5.517495259000000374e-01,1.535544603000000077e-02,-1.199837087000000038e-02,-5.438636882999998978e-02,9.983297912999999912e-01
2.804659760999999918e+01,-1.473456140999999953e+01,5.688235041000000436e-01,1.269254595999999742e-02,-7.584522064000000403e-03,-5.866430924999999769e-02,9.981682588999999384e-01
2.818039526000000095e+01,-1.473080807999999919e+01,5.715471374999999687e-01,1.353059645999999880e-02,-4.098065072999998969e-03,-6.993709119999999557e-02,9.974512178999999090e-01
2.831160424000000120e+01,-1.472840200999999993e+01,5.592791701999999532e-01,1.663083363000000120e-02,-3.932647277000000247e-03,-6.681745166999998597e-02,9.976188540000000549e-01
2.844403372000000019e+01,-1.472887350000000062e+01,5.460563153999999919e-01,1.824478721000000192e-02,-2.688604024000000158e-03,-5.845518479000000323e-02,9.981196774999999688e-01
2.857535015999999928e+01,-1.473142245999999922e+01,5.497931543999999837e-01,1.567871934999999842e-02,-1.894147842999999989e-03,-6.464707923000000134e-02,9.977832155000000425e-01
2.870710412000000034e+01,-1.472976848999999966e+01,5.671953820999999785e-01,1.191369500000000019e-02,4.464067757000000393e-03,-7.130083170999999831e-02,9.973737150000000495e-01
2.883492641000000134e+01,-1.472963382000000010e+01,5.768576844999999675e-01,6.166752438000000155e-03,2.007342344999999990e-03,-6.529186670000000636e-02,9.978451351999998442e-01
2.896248393000000121e+01,-1.472953711000000077e+01,5.735275428999999647e-01,4.665692463999999810e-03,-6.426469671999999675e-03,-7.578247506000000688e-02,9.970927481000000370e-01
2.909083897000000007e+01,-1.472619420000000012e+01,5.650612573000000083e-01,8.748307857000000784e-03,-1.616537357999999966e-02,-7.536197778000000569e-02,9.969868203999999734e-01
2.922533357000000009e+01,-1.472429091999999962e+01,5.683471574999999776e-01,1.366377090000000030e-02,-1.890301859000000084e-02,-8.390091145000000417e-02,9.962010912999998968e-01
2.936655615000000097e+01,-1.472498043999999950e+01,5.860228131000000396e-01,1.621329628999999828e-02,-1.022244634999999909e-02,-1.042430739999999911e-01,9.943671415000000513e-01
2.950776727999999949e+01,-1.472983441000000049e+01,6.008665664000000239e-01,1.431381221000000044e-02,2.571939220000000071e-03,-1.115602802000000005e-01,9.936512485999999811e-01
2.964451610000000059e+01,-1.474137404999999923e+01,6.006173890999999543e-01,1.279946535999999975e-02,7.718702398999998868e-03,-1.172422520000000190e-01,9.929908608000000969e-01
2.977326340000000116e+01,-1.475542034999999963e+01,5.891741757999999773e-01,1.373442010999999761e-02,-2.196373438999999600e-04,-1.211851114000000035e-01,9.925348790999999338e-01
2.990173636999999829e+01,-1.477735823999999987e+01,5.823771785000000367e-01,1.479504130999999972e-02,-1.162130897000000079e-02,-1.173131062000000030e-01,9.929167574000000718e-01
3.002295249999999882e+01,-1.479789423999999975e+01,5.922346800000000133e-01,1.489310452000000042e-02,-2.707193002000000265e-02,-1.084029209999999993e-01,9.936267471999999934e-01
3.015392729999999943e+01,-1.481981535000000072e+01,6.084740161999999675e-01,1.663535802000000105e-02,-2.143394989000000153e-02,-1.118416458999999946e-01,9.933555742999999882e-01
3.028449780000000047e+01,-1.483903332000000042e+01,6.136209781000000474e-01,1.089145185999999994e-02,-1.437662525999999948e-02,-1.167979247999999942e-01,9.929919102000001052e-01
3.042121939000000097e+01,-1.485871326000000003e+01,6.035492357999999724e-01,6.813283736999999063e-03,-1.134083915999999775e-02,-1.123351343999999807e-01,9.935822976000000528e-01
3.056015310000000085e+01,-1.488220869999999962e+01,5.875869481000000061e-01,1.136901084999999978e-02,-1.507938150000000081e-02,-1.156169945000000004e-01,9.931143279999999907e-01
3.069622375999999875e+01,-1.490821565999999976e+01,5.846172469999999510e-01,1.674707075999999975e-02,-1.687629950000000059e-02,-1.246251610000000121e-01,9.919189964000001414e-01
3.082737353999999996e+01,-1.493454245000000036e+01,5.987753885000000054e-01,2.048563969999999887e-02,-1.103658851000000052e-02,-1.233999902999999843e-01,9.920841570999998638e-01
3.095599066999999849e+01,-1.496664819000000080e+01,6.142286164000000381e-01,2.032461309999999965e-02,-6.090069154999999852e-03,-1.344251646000000078e-01,9.906965712999999951e-01
3.107765575999999896e+01,-1.500083593999999998e+01,6.186069366999999986e-01,1.954000891000000004e-02,-6.649522191000000262e-03,-1.385328021999999992e-01,9.901427344999998992e-01
3.120446053999999947e+01,-1.503646705999999966e+01,6.068051288000000376e-01,1.352803470999999758e-02,-9.251025224999999061e-03,-1.406630825000000085e-01,9.899218696999999567e-01
3.133081890000000058e+01,-1.507375885999999987e+01,5.944021864999999849e-01,7.052239006000000053e-03,-9.362282010000000376e-03,-1.502163250000000116e-01,9.885836683000001068e-01
3.145412823999999929e+01,-1.510974618000000014e+01,5.943827325999999633e-01,3.911043874000000309e-03,-1.315192475999999756e-02,-1.402930989999999767e-01,9.900149378000000500e-01
3.158164955999999890e+01,-1.514339164999999987e+01,6.035494945999999583e-01,3.976073255999999952e-03,-6.088395217999999914e-03,-1.398752627000000026e-01,9.901424306999998537e-01
3.171077790000000007e+01,-1.517548719999999918e+01,6.064699251999999818e-01,2.363635094999999835e-03,1.667944893000000098e-03,-1.344171995000000008e-01,9.909206060999999899e-01
3.184284853999999854e+01,-1.520536461000000017e+01,5.937888076999999765e-01,1.870667285000000282e-03,1.895969577000000033e-03,-1.413435460999999949e-01,9.899570232000001191e-01
3.197224797000000152e+01,-1.522939711000000074e+01,5.751325126999999870e-01,5.350332880000000131e-03,-4.986579799000001242e-03,-1.441473300999999985e-01,9.895292089000000679e-01
3.210200664999999987e+01,-1.525028919000000016e+01,5.682913725999999555e-01,1.352068218000000016e-02,-1.181281273000000034e-02,-1.329563226000000098e-01,9.909592649999999781e-01
3.223472957999999977e+01,-1.527779671000000050e+01,5.811621269000000201e-01,1.718788094999999794e-02,-8.593223789999999973e-03,-1.653282368000000002e-01,9.860513715999998929e-01
3.235710652000000209e+01,-1.530447256000000067e+01,5.958826911000000282e-01,1.454324385000000178e-02,-2.028740197999999873e-03,-1.678675477000000082e-01,9.857001901000000954e-01
3.247950330999999835e+01,-1.534284245999999996e+01,5.981144402000000415e-01,1.568212563999999906e-02,-1.322927360000000080e-03,-1.732281912999999729e-01,9.847559670000000098e-01
3.259545666000000352e+01,-1.538444115999999973e+01,5.890510159999999829e-01,1.757183362999999859e-02,-6.676704491000000526e-03,-1.855329541000000082e-01,9.824582308000000541e-01
3.271144423999999873e+01,-1.542616959999999970e+01,5.795475710999999919e-01,1.470035683999999961e-02,-1.158877223999999970e-02,-1.751745351000000006e-01,9.843594272999999228e-01
3.282035809999999998e+01,-1.547157282000000045e+01,5.784768873000000200e-01,1.152633148000000059e-02,-1.768450749999999488e-02,-1.895378020000000052e-01,9.816464860000000403e-01
3.292820912999999905e+01,-1.551326425999999969e+01,5.881380042999999613e-01,1.239697856000000070e-02,-1.207683181999999987e-02,-1.869048967999999977e-01,9.822255466999998408e-01
3.303544034000000096e+01,-1.555467619000000035e+01,5.975574608000000509e-01,1.111049846999999889e-02,-4.589039074999999752e-03,-1.926822250999999930e-01,9.811875751999999951e-01
3.314187677999999693e+01,-1.559547930999999998e+01,5.943509175000000200e-01,8.970307615000000859e-03,2.413145497999999748e-04,-2.060311371999999919e-01,9.785042900999999516e-01
3.324911681999999757e+01,-1.563386975000000056e+01,5.820675161999999681e-01,1.114668141000000126e-02,-1.699066678000000054e-03,-2.061000159000000165e-01,9.784659668000000865e-01
3.335267982999999958e+01,-1.567105937000000004e+01,5.752024004000000357e-01,1.579294680999999978e-02,-8.540293475000000287e-03,-2.119670146000000033e-01,9.771118824999999175e-01
3.345862440999999876e+01,-1.570962154999999960e+01,5.802527560000000362e-01,1.830105197000000267e-02,-1.143889460999999996e-02,-2.204205464000000003e-01,9.751661427000001270e-01
3.356570533000000012e+01,-1.575090420999999985e+01,5.933156667000000217e-01,1.817092346999999580e-02,-4.640175254999999270e-03,-2.369639591000000101e-01,9.713374121999999167e-01
3.367160752000000201e+01,-1.579383327999999942e+01,6.018261893999999890e-01,1.664798751999999743e-02,2.745279013999999719e-03,-2.380034582999999704e-01,9.711177384000000412e-01
3.377782504999999702e+01,-1.584297356999999984e+01,6.001501315999999697e-01,1.661347816000000033e-02,5.775099920000001212e-03,-2.449786766000000282e-01,9.693689125000000129e-01
3.388154487999999986e+01,-1.589308718999999925e+01,5.906799087999999864e-01,1.132291329000000013e-02,3.617525405999999586e-03,-2.497116239999999654e-01,9.682472876000000062e-01
3.398345044999999942e+01,-1.594328196999999925e+01,5.827013644999999853e-01,2.545779112000000170e-03,2.570677424999999981e-03,-2.448233602000000342e-01,9.695609484999999639e-01
3.408073542000000344e+01,-1.599322422999999915e+01,5.863924002000000524e-01,-4.417886925000000416e-03,3.094406966000000109e-03,-2.378212127999999592e-01,9.712939707999999062e-01
3.418048205000000195e+01,-1.604039848000000035e+01,5.976655044999999999e-01,-6.870245033999999515e-03,4.154687405999999035e-03,-2.320043036999999975e-01,9.726816238999999031e-01
3.427853111999999669e+01,-1.608499965000000032e+01,6.058372374999999588e-01,-7.902202929000000722e-03,3.127692007000000031e-03,-2.267089167999999932e-01,9.739254795999999770e-01
3.437850251999999784e+01,-1.612832056999999963e+01,6.038371636999999570e-01,-6.358337425000000834e-03,-1.965318932999999928e-03,-2.289275276999999942e-01,9.734207190000000454e-01
3.448258316999999806e+01,-1.616731131999999960e+01,5.955337739999999602e-01,-1.929028809999999965e-03,-1.136730345000000128e-02,-2.317580947000000002e-01,9.727051191000000152e-01
3.458831716000000256e+01,-1.620641685000000010e+01,5.923423012999999848e-01,3.735604332999999978e-03,-1.795726497999999838e-02,-2.402809632000000029e-01,9.705300823000000410e-01
3.469665308999999809e+01,-1.624878629000000174e+01,5.983808991000000299e-01,8.424090541000000404e-03,-1.665341097000000090e-02,-2.614252860999999872e-01,9.650432727999999072e-01
3.480175303000000042e+01,-1.629151479000000080e+01,6.074883575999999730e-01,8.849985180999999160e-03,-7.806277202999999977e-03,-2.653905555000000138e-01,9.640687698000000028e-01
3.490577058000000221e+01,-1.634523984999999868e+01,6.082905286999999994e-01,1.353809794999999948e-02,-1.543506997999999743e-03,-2.729376683999999997e-01,9.619352195999998356e-01
3.500716096000000022e+01,-1.640143894999999929e+01,5.966565495000000219e-01,1.648626644999999849e-02,-2.870876308000000141e-03,-2.809623823999999326e-01,9.595728741000000284e-01
3.510614733999999970e+01,-1.646209713000000008e+01,5.824452536999999985e-01,1.440437334999999756e-02,-7.725384228999999589e-03,-2.789754662999999746e-01,9.601591126999999837e-01
3.520688760000000173e+01,-1.652286370999999932e+01,5.730545744999999691e-01,9.388676809000000983e-03,-1.241689479999999977e-02,-2.870701635999999835e-01,9.577830623999999959e-01
3.530547539999999884e+01,-1.658844609999999875e+01,5.780380652000000063e-01,9.040431466999999249e-03,-1.285951398999999988e-02,-2.793207434000000156e-01,9.600691775999999900e-01
3.541177608999999649e+01,-1.665863011000000071e+01,5.895135297000000385e-01,1.502325399999999977e-02,5.746969760999999554e-04,-2.865229894999999916e-01,9.579553997999999959e-01
3.551820742000000308e+01,-1.672699125999999836e+01,5.914383490000000299e-01,1.843029314999999890e-02,1.205606325000000215e-02,-2.809553819000000230e-01,9.594681073999999921e-01
3.562374505999999741e+01,-1.679581556999999847e+01,5.807421983999999648e-01,2.296420177000000132e-02,1.183373643999999746e-02,-2.816550483999999965e-01,9.591678902999999368e-01
3.572704602999999679e+01,-1.685933972000000125e+01,5.690819562000000165e-01,2.760831132999999604e-02,3.786142345000000076e-03,-2.913568786999999882e-01,9.562084581999998889e-01
3.583049877999999921e+01,-1.691858819999999852e+01,5.685852853999999734e-01,2.942138922000000004e-02,-7.699760902000000453e-04,-2.909851097999999747e-01,9.562747800000001019e-01
3.594140181000000211e+01,-1.698128819000000078e+01,5.804525238000000087e-01,2.500928493000000030e-02,4.774557054000000238e-03,-3.087272064000000649e-01,9.508097870999999701e-01
3.605028510000000352e+01,-1.704064620000000119e+01,5.913974079999999578e-01,1.780280244999999512e-02,1.763548408999999692e-02,-3.178541225000000026e-01,9.478084229999999000e-01
3.615845257000000146e+01,-1.710680972999999838e+01,5.913171500999999664e-01,1.647762305000000094e-02,2.708174727000000129e-02,-3.183167915999999820e-01,9.474542137000000475e-01
3.625985564999999866e+01,-1.717971542000000085e+01,5.782555539999999494e-01,1.805702512000000037e-02,2.503549999999999873e-02,-3.187023428999999908e-01,9.473520909999999517e-01
3.635537744999999887e+01,-1.725342999000000077e+01,5.652276211000000217e-01,1.660354370999999815e-02,1.753793761999999576e-02,-3.032069808999999228e-01,9.526186381999999231e-01
3.645004881999999924e+01,-1.732968904000000165e+01,5.651908852999999455e-01,1.027664961999999980e-02,9.256460979000001935e-03,-3.098138619000000427e-01,9.506966285000001404e-01
3.654779246999999742e+01,-1.740390684999999849e+01,5.799777734000000073e-01,6.461302585999999758e-03,1.452537618999999967e-02,-3.061436056999999877e-01,9.518525923999999749e-01
3.664910353999999870e+01,-1.747903153000000032e+01,5.939050969000000402e-01,5.070581159999998713e-03,2.379271249999999685e-02,-3.092421287999999602e-01,9.506721315999999700e-01
3.674991612000000174e+01,-1.755488680999999929e+01,5.950079109999999449e-01,5.011286486999999568e-03,2.610273411999999849e-02,-3.143424797000000104e-01,9.489374793999999502e-01
3.684738518000000340e+01,-1.763030911999999972e+01,5.834609722000000387e-01,6.764244067000001019e-03,1.835547340999999985e-02,-3.160647695000000090e-01,9.485359154999999376e-01
3.694793941999999731e+01,-1.770198354000000052e+01,5.745186015000000035e-01,8.271239498999998982e-03,7.459885747999999046e-03,-3.310270202000000217e-01,9.435555355000000421e-01
3.704921610000000243e+01,-1.777365594000000115e+01,5.803917842000000382e-01,1.071403911999999937e-02,1.807304676999999925e-03,-3.461167726000000111e-01,9.381285214999999233e-01
3.715110822999999840e+01,-1.784359665999999933e+01,5.929911157999999682e-01,9.048266500000000725e-03,5.363156441999999968e-03,-3.647383010999999953e-01,9.310506629999999451e-01
3.724947482000000321e+01,-1.791185516999999905e+01,5.991248278999999899e-01,7.673192017999999615e-03,1.243902798000000136e-02,-3.663145293999999774e-01,9.303762992999999870e-01
3.735109235000000183e+01,-1.798650041999999871e+01,5.919004608000000278e-01,8.366819317000000200e-03,1.237725412000000025e-02,-3.725975896000000009e-01,9.278727477999999529e-01
3.744664163000000201e+01,-1.806279620999999835e+01,5.753757354999999851e-01,9.441296122999999138e-03,5.594900697000000124e-03,-3.698265955000000216e-01,9.290359779000000318e-01
3.753955583999999845e+01,-1.814284583999999967e+01,5.619830920999999702e-01,7.112679606000001271e-03,-4.234385381000000011e-03,-3.653324112999999929e-01,9.308403240999999495e-01
3.763371485999999777e+01,-1.822167845999999969e+01,5.651751966000000404e-01,6.532353117999998952e-03,-3.157887252000000141e-03,-3.770558197000000167e-01,9.261621158999999714e-01
3.772379048999999895e+01,-1.829660623999999913e+01,5.761541477999999605e-01,3.315431501999999923e-03,-3.919968292000000805e-03,-3.605629061999999774e-01,9.327207688000000996e-01
3.781890770999999773e+01,-1.837688598000000084e+01,5.818551902999999914e-01,4.270080956000000399e-03,-4.842284940999999794e-03,-3.685053295000000340e-01,9.296032169000001399e-01
3.791140914999999723e+01,-1.845305821999999907e+01,5.753902605999999809e-01,6.591773573999999865e-03,-1.309180901999999931e-02,-3.635858435000000055e-01,9.314453754000001640e-01
3.801280229999999705e+01,-1.853428952999999879e+01,5.664925107999999598e-01,1.003733157000000036e-02,-2.315766803999999568e-02,-3.745341347000000209e-01,9.268695465999999827e-01
3.810905499999999790e+01,-1.861468289999999826e+01,5.708338863999999901e-01,1.355523986999999930e-02,-2.987608944999999711e-02,-3.847467528999999886e-01,9.224389469999999536e-01
3.820690916000000215e+01,-1.870352879000000001e+01,5.867971345000000394e-01,1.698815496000000147e-02,-2.611899103000000014e-02,-4.052698420999999995e-01,9.136659980000001458e-01
3.830112274999999755e+01,-1.879612025000000131e+01,5.979267878999999786e-01,1.540235823999999872e-02,-1.318245956000000003e-02,-4.306616227000000241e-01,9.022857400999999555e-01
3.838975695999999971e+01,-1.888898736000000156e+01,5.932803899999999908e-01,1.451752732000000101e-02,-6.685881603000000915e-03,-4.355996879000000321e-01,8.999985846000000400e-01
3.847129000999999704e+01,-1.898453502999999998e+01,5.781304485999999576e-01,1.419724795000000019e-02,-8.316475246000000141e-03,-4.407086075000000158e-01,8.974994137999999788e-01
3.854864663000000036e+01,-1.908339604000000023e+01,5.660316896999999514e-01,1.177611437000000011e-02,-1.115705743999999972e-02,-4.396055837999999216e-01,8.980444163999999896e-01
3.862501121999999754e+01,-1.918097008000000159e+01,5.712562804999999910e-01,9.683367935999999745e-03,-9.293474799999999975e-04,-4.539023314999999781e-01,8.909983402000000163e-01
3.869825346999999738e+01,-1.927331531000000098e+01,5.860149503999999565e-01,4.323659462999999981e-03,2.894798164999999850e-03,-4.455027712999999889e-01,8.952654394000000293e-01
3.877267497999999790e+01,-1.936430621999999957e+01,5.954394325999999849e-01,1.641082038999999932e-03,5.317686650999999855e-03,-4.496656537000000009e-01,8.931796174000000699e-01
3.884772012999999902e+01,-1.945189810000000108e+01,5.940159148000000444e-01,-1.260820393999999896e-03,2.253855015999999857e-03,-4.479646755999999730e-01,8.940475265999999754e-01
3.892740905000000140e+01,-1.954258722999999875e+01,5.877570412000000522e-01,-2.611436051000000629e-03,-4.497351269000000352e-03,-4.521176190999999789e-01,8.919431667999999647e-01
3.900850194000000215e+01,-1.962671441000000172e+01,5.837314577000000115e-01,-4.713602802000000161e-03,-1.367291164999999940e-02,-4.638959579999999971e-01,8.857716261000000424e-01
3.908943505999999957e+01,-1.971461499000000117e+01,5.951271676999999594e-01,-1.478528389000000184e-03,-2.335369569999999964e-02,-4.686836197000000537e-01,8.830561044000000415e-01
3.916514912000000237e+01,-1.980171816000000007e+01,6.109144926999999781e-01,2.444971120000000598e-03,-2.823692774000000419e-02,-4.802176134000000207e-01,8.766913606000000803e-01
3.923914952999999883e+01,-1.989376538999999866e+01,6.202606245999999768e-01,4.809966016999999219e-03,-2.485324523999999508e-02,-4.753909360999999945e-01,8.794103923999998518e-01
3.931226773000000208e+01,-1.999461060000000145e+01,6.144743054000000315e-01,9.674048181000000773e-03,-2.327121944000000095e-02,-4.824835525999999208e-01,8.755423945000000430e-01
3.938052059999999699e+01,-2.009773151999999996e+01,6.025102330999999589e-01,1.219752880000000116e-02,-2.385471055000000160e-02,-4.786972840000000007e-01,8.775711272999999757e-01
3.944748936999999955e+01,-2.020009277999999853e+01,6.012757792999999795e-01,7.714285378999999332e-03,-2.250123240999999871e-02,-4.858189799999999559e-01,8.737357168999998480e-01
3.951378208999999941e+01,-2.030213618999999881e+01,6.158058600000000382e-01,6.261474609000000115e-03,-1.779224782999999990e-02,-4.862518616000000016e-01,8.736151080000000846e-01
3.957806575000000038e+01,-2.040265910000000105e+01,6.285676720999999745e-01,9.551646145000000296e-03,-1.073106371999999961e-02,-4.807081337999999371e-01,8.767629670000000042e-01
3.964668525999999815e+01,-2.050298713999999833e+01,6.282064346000000299e-01,1.129597130999999977e-02,-4.939982229000000266e-03,-4.813983763999999388e-01,8.764151988999999698e-01
3.971660753999999827e+01,-2.060255984999999868e+01,6.178958555000000352e-01,1.044736878999999972e-02,-5.743425654999999470e-03,-4.830038853999999993e-01,8.755370421999999486e-01
3.979254235999999878e+01,-2.070460371000000066e+01,6.090779102000000167e-01,9.644777085000000305e-03,-8.745636007999999309e-03,-4.946622940999999551e-01,8.689877484000000374e-01
3.986737109999999973e+01,-2.080243255999999974e+01,6.122808694000000385e-01,7.424401639999999788e-03,-1.130686839000000048e-02,-4.986166628000000545e-01,8.667170567999999964e-01
3.994471659999999957e+01,-2.090526454000000101e+01,6.274872526000000450e-01,9.349884928000000775e-03,-8.258373416999999911e-03,-5.104322177000000238e-01,8.598275001999999834e-01
4.001908299000000113e+01,-2.101206574000000060e+01,6.391209167000000413e-01,1.511304125999999790e-02,2.339565088000000129e-03,-5.163852223999999547e-01,8.562198458999999984e-01
4.008897857000000187e+01,-2.112264370999999841e+01,6.390377819000000459e-01,2.242698565999999907e-02,1.017885412000000059e-02,-5.158604791999999994e-01,8.563185080999999865e-01
4.015579611999999798e+01,-2.123623866000000149e+01,6.291683595000000517e-01,2.675941697999999896e-02,6.654065310000000302e-03,-5.234094774999999977e-01,8.516350016000000522e-01
4.021836059999999691e+01,-2.135033602000000030e+01,6.190906443999999453e-01,2.665762753999999929e-02,6.963613404999999907e-04,-5.185810025999999517e-01,8.546125612000000649e-01
4.028237776000000281e+01,-2.146284046999999973e+01,6.214361361000000361e-01,2.534776295999999901e-02,-9.862209081999999058e-04,-5.179468503999999918e-01,8.550365948000000493e-01
4.034771786000000304e+01,-2.158142854999999827e+01,6.356562745999999597e-01,2.924262695999999689e-02,6.081273388999999634e-03,-5.186854751999999680e-01,8.544432483999999661e-01
4.041545093999999949e+01,-2.169715328999999926e+01,6.445851087999999729e-01,3.461408120999999449e-02,1.636298292000000140e-02,-5.182745868000000478e-01,8.543568169999999906e-01
4.048407652000000212e+01,-2.180714075999999935e+01,6.369118957999999608e-01,3.363165703999999867e-02,1.624657674999999829e-02,-5.218304204999999474e-01,8.522311731999998585e-01
4.055292378000000042e+01,-2.191251922000000008e+01,6.200522581999999838e-01,3.110125664000000512e-02,7.413756962999999700e-03,-5.259139927000000547e-01,8.499365977999999711e-01
4.062723440999999980e+01,-2.201263029000000060e+01,6.098409560999999979e-01,2.690277409999999869e-02,-1.898838231000000293e-03,-5.347382667000000200e-01,8.445872491000000482e-01
4.070281236999999663e+01,-2.211348784999999850e+01,6.172309881999999970e-01,2.569507273000000078e-02,-3.296385228000000590e-03,-5.397962584000000064e-01,8.413969910000000940e-01
4.077667336999999748e+01,-2.221948047000000059e+01,6.318087414999999929e-01,2.462605467999999867e-02,6.913239671999999759e-03,-5.568851707999999956e-01,8.301955620000001090e-01
4.084005933000000255e+01,-2.232449056999999826e+01,6.359155425000000417e-01,2.778980082999999573e-02,1.219896679999999886e-02,-5.540966017999998661e-01,8.318989529999999410e-01
4.089861881000000210e+01,-2.243223709999999826e+01,6.269551494999999752e-01,3.037398247000000148e-02,4.911670885999999854e-03,-5.626793526000000156e-01,8.261024408999998458e-01
4.095428531000000305e+01,-2.253881425999999877e+01,6.171570212000000444e-01,2.774734509999999751e-02,-2.443998290999999882e-03,-5.636323106999999721e-01,8.255560126999998971e-01
4.101137794000000270e+01,-2.264718637000000001e+01,6.167094559000000364e-01,2.125187493999999844e-02,-5.000908348000000433e-03,-5.656537794999999536e-01,8.243537775000000511e-01
4.106698303000000294e+01,-2.275448716000000005e+01,6.314442531999999719e-01,1.869365871999999901e-02,1.863331482999999993e-03,-5.642998719999999802e-01,8.253561229000000443e-01
4.112469275000000124e+01,-2.286370021000000108e+01,6.421294157000000391e-01,1.428460666999999823e-02,7.175752151999999044e-03,-5.655325176999999037e-01,8.245710581999998734e-01
4.118311031999999727e+01,-2.296964248000000097e+01,6.386782013999999785e-01,1.074507796999999917e-02,8.337323768999999746e-03,-5.661772783999999836e-01,8.241712938999999905e-01
4.124201596000000336e+01,-2.307547501999999895e+01,6.280773781999999805e-01,9.447137136999999435e-03,-1.465961767999999967e-03,-5.623368112000000085e-01,8.268530179999999952e-01
4.130489031999999838e+01,-2.318157383999999865e+01,6.200213144999999759e-01,8.467154231999998379e-03,-1.487640963999999760e-02,-5.741429178000000411e-01,8.185761477999998759e-01
4.136597487000000228e+01,-2.328737079000000065e+01,6.274997154000000466e-01,9.240125434999999637e-03,-2.455798321999999936e-02,-5.831915079000000723e-01,8.119108268000000406e-01
4.142473334999999679e+01,-2.339763513999999844e+01,6.452588220999999624e-01,1.178636767000000064e-02,-2.644372281000000047e-02,-6.009964567000000146e-01,7.987271562000000102e-01
4.148269992000000173e+01,-2.350992803000000109e+01,6.581800091999999713e-01,1.535465375000000070e-02,-1.966297850000000083e-02,-6.023145169000000410e-01,7.978689270000000056e-01
4.153494759000000158e+01,-2.362886540999999951e+01,6.556894492000000518e-01,1.813331559000000079e-02,-1.671899160000000009e-02,-6.108542179000000516e-01,7.913588204000000514e-01
4.158555828000000076e+01,-2.374756254000000055e+01,6.458805769000000030e-01,1.669517913999999867e-02,-1.774145338999999835e-02,-6.163517453000000312e-01,7.870940464000000247e-01
4.163321616999999719e+01,-2.386278199999999927e+01,6.408324696999999626e-01,1.034374881000000093e-02,-1.993345506000000072e-02,-6.181073046999999709e-01,7.857728833000000579e-01
4.167867860999999863e+01,-2.397598766000000126e+01,6.506522388000000046e-01,4.435111079000000379e-03,-2.090534633000000128e-02,-6.183665224000000071e-01,7.855992236999999045e-01
4.172508418999999691e+01,-2.408767864000000003e+01,6.653045924999999583e-01,3.354090830999999825e-03,-2.108274498999999913e-02,-6.179153743999999948e-01,7.859547430000000112e-01
4.177016397999999953e+01,-2.419985502999999838e+01,6.685019781000000050e-01,3.091788812000000053e-03,-2.176962074999999955e-02,-6.130373711000000059e-01,7.897478749999999881e-01
4.181926868000000042e+01,-2.431285955999999970e+01,6.560896336000000550e-01,1.893485552000000053e-03,-2.642575481000000032e-02,-6.195969268000000030e-01,7.844729073999999747e-01
4.187161541999999770e+01,-2.442978125000000134e+01,6.377198149999999677e-01,9.341575560999998374e-04,-3.290182953000000271e-02,-6.264080546000000416e-01,7.788000681000000203e-01
4.192282612999999714e+01,-2.454583943000000090e+01,6.291716531000000057e-01,1.767566198000000005e-03,-3.685893922999999850e-02,-6.351833571999999650e-01,7.714793562000000771e-01
4.196927206000000155e+01,-2.466606999000000044e+01,6.375958766999999527e-01,9.668543256999999336e-03,-3.659598550999999811e-02,-6.529920879999999705e-01,7.564182613000000055e-01
4.201159893999999895e+01,-2.478912668999999980e+01,6.484248287999999638e-01,1.454344016000000059e-02,-2.564166956000000011e-02,-6.609354173000000499e-01,7.498635658000000204e-01
4.204727943999999695e+01,-2.491954553000000061e+01,6.441648231000000058e-01,1.769391313999999979e-02,-1.501509594000000059e-02,-6.720709182999998754e-01,7.401230662000000127e-01
4.207871037999999686e+01,-2.504842005000000071e+01,6.281636967000000515e-01,1.881682750999999834e-02,-1.037506753999999955e-02,-6.835520930999999800e-01,7.295853760999999604e-01
4.210379869999999869e+01,-2.517372329000000164e+01,6.157021248999999807e-01,1.760873180000000274e-02,-1.150833251000000015e-02,-6.832365342999999758e-01,7.298940533000001230e-01
4.212505657999999897e+01,-2.529783464000000137e+01,6.228586586000000036e-01,1.778898146999999957e-02,-9.343665157000000804e-03,-6.868925801000000941e-01,7.264811294999999891e-01
4.214830994999999803e+01,-2.542183411999999976e+01,6.420452118999999680e-01,1.874615719000000125e-02,-4.780933224000001071e-03,-6.841104736999999991e-01,7.291217895999999588e-01
4.217317979999999977e+01,-2.554371872999999837e+01,6.482262697999999768e-01,1.870672983999999844e-02,-5.326677123999999652e-03,-6.782606372000000716e-01,7.345639473999999725e-01
4.220134702000000004e+01,-2.566487303999999980e+01,6.383515812000000178e-01,1.667999347000000132e-02,-9.254943289999999559e-03,-6.795301661999999521e-01,7.333995344000000527e-01
4.223315190000000285e+01,-2.578603109000000160e+01,6.216721231999999819e-01,1.226782532000000175e-02,-1.734332099999999835e-02,-6.791752359999999600e-01,7.336686639000000731e-01
4.226950036000000210e+01,-2.591183363000000028e+01,6.110117710000000368e-01,9.211550976000001945e-03,-1.974093921999999987e-02,-6.887767819000000236e-01,7.246461118000000479e-01
4.230249497999999875e+01,-2.604125532999999848e+01,6.166004301999999937e-01,1.425641268000000031e-02,-1.799434507000000072e-02,-7.005621844999999626e-01,7.132219737999999642e-01
4.232734338000000207e+01,-2.617956253999999916e+01,6.270290729999999924e-01,2.519179647000000313e-02,-1.106360470999999922e-02,-7.118447253999999891e-01,7.017977322999999767e-01
4.234633018000000249e+01,-2.631461601000000172e+01,6.289106671999999953e-01,3.559175652999999051e-02,-2.276393987000000212e-03,-7.117736791000000007e-01,7.015028684999999875e-01
4.235844354000000322e+01,-2.645012791999999990e+01,6.186317650999999529e-01,3.737664882999999771e-02,-2.339659800999999845e-03,-7.213331720999999197e-01,6.915749900999998978e-01
4.237096910000000349e+01,-2.657791368999999904e+01,6.060892272000000247e-01,3.029349317999999874e-02,-7.316753956000000142e-03,-7.270270144999999573e-01,6.859012244000000091e-01
4.238550555999999858e+01,-2.670316507000000072e+01,6.046470425000000093e-01,2.238895084999999868e-02,-8.875168089999999760e-03,-7.271083083999999586e-01,6.861001924999999835e-01
4.240202579000000327e+01,-2.683155551999999844e+01,6.179819988000000430e-01,2.249385735999999761e-02,-2.662338497999999515e-03,-7.274101515999998879e-01,6.858289944999998999e-01
4.242262749999999727e+01,-2.695808269999999851e+01,6.303401409000000122e-01,2.307285548999999866e-02,6.443212787999999698e-03,-7.227013477000000519e-01,6.907451703000000443e-01
4.244132136999999716e+01,-2.708429071999999849e+01,6.292472864000000499e-01,1.855312640999999887e-02,7.903765235000000458e-03,-7.275119471000001115e-01,6.857985701000000045e-01
4.246139313999999843e+01,-2.720629475000000141e+01,6.147313158999999638e-01,1.178969998999999762e-02,-4.462115126000000044e-04,-7.273300117000000009e-01,6.861864600000000536e-01
4.248014280000000298e+01,-2.733164909999999992e+01,6.015727471999999798e-01,9.057055722999999767e-03,-9.967437968000000467e-03,-7.334020248999998381e-01,6.796617466000000052e-01
4.249688110000000307e+01,-2.745668939999999836e+01,6.069670642000000171e-01,1.396570371000000095e-02,-1.504405785999999960e-02,-7.342596032000000550e-01,6.785583766999999655e-01
4.250587545999999861e+01,-2.758933902000000060e+01,6.223172740000000314e-01,1.949373093000000140e-02,-9.752806989999999662e-03,-7.480489696999998994e-01,6.632854711000000236e-01
4.251162589999999852e+01,-2.771491311999999851e+01,6.312900939000000156e-01,2.397534897000000095e-02,-1.458841291999999918e-03,-7.542806302000000240e-01,6.561126315999999958e-01
4.250664151000000146e+01,-2.784046671000000117e+01,6.239571957999999752e-01,2.266449938999999872e-02,-3.209029142999999824e-03,-7.607430042999999698e-01,6.486494460999999712e-01
4.250346498999999767e+01,-2.795876253999999861e+01,6.105847626000000528e-01,1.825867198999999927e-02,-8.156009950999999758e-03,-7.621870490000001164e-01,6.470479137000000325e-01
4.249351739000000094e+01,-2.808095048999999932e+01,6.035558248000000292e-01,1.284694903000000062e-02,-8.950459151999998544e-03,-7.601087566999999989e-01,6.496072067999999478e-01
4.248124155000000002e+01,-2.820501463000000086e+01,6.133370504999999806e-01,1.616406311999999887e-02,-3.743903888000000169e-03,-7.703266980999999847e-01,6.374335137000001206e-01
4.247327571000000290e+01,-2.832738176000000152e+01,6.262533503999999640e-01,2.004802032999999928e-02,1.071013446999999948e-03,-7.627028876000000457e-01,6.464373404000000045e-01
4.246564197000000007e+01,-2.845331553000000113e+01,6.280007909000000499e-01,2.550832072000000159e-02,3.886302954999999552e-03,-7.599001525999999895e-01,6.495275054000000381e-01
4.246248571000000283e+01,-2.857750567000000075e+01,6.179770741000000234e-01,2.476568566000000166e-02,-4.307410068000000719e-04,-7.611287322999999994e-01,6.481277096999999987e-01
4.245862757999999815e+01,-2.870100606999999826e+01,6.085073654000000554e-01,2.170328121999999874e-02,-1.064916781000000215e-02,-7.602805829000000015e-01,6.491448206000001164e-01
4.245534710999999817e+01,-2.882431799000000083e+01,6.131194085000000182e-01,2.222243474000000496e-02,-1.983870324999999907e-02,-7.656779787999999920e-01,6.425339073000001511e-01
4.244741898000000191e+01,-2.894938866000000033e+01,6.342261286000000498e-01,2.656828309999999943e-02,-2.581930419999999698e-02,-7.737230067999998351e-01,6.324398774999999695e-01
4.243612665999999933e+01,-2.906882702000000052e+01,6.548784669999999641e-01,2.644387902999999554e-02,-2.539009399999999847e-02,-7.822877575999999111e-01,6.218375419999999654e-01
4.242445383999999819e+01,-2.918962820999999863e+01,6.613407884999999986e-01,2.230732381000000153e-02,-2.290742971999999711e-02,-7.818321263999998827e-01,6.226685788999999360e-01
4.241009469000000109e+01,-2.931435099999999849e+01,6.519171663999999700e-01,1.527111815000000046e-02,-2.070685464999999850e-02,-7.918588425999999458e-01,6.101619395999999806e-01
4.239866691000000287e+01,-2.943427781000000110e+01,6.414751490000000222e-01,7.375082039000000096e-03,-1.632405182999999843e-02,-7.850267600000000456e-01,6.192028096999999676e-01
4.238221046000000314e+01,-2.956146821999999830e+01,6.450586670000000300e-01,3.173710807999999967e-03,-1.118322388999999986e-02,-7.770494810000000419e-01,6.293321596999998935e-01
4.236825598000000070e+01,-2.968863324000000148e+01,6.604479187999999779e-01,2.758553608000000133e-03,-6.803401593999999948e-03,-7.790695040999999765e-01,6.268945780000000356e-01
4.235539486999999781e+01,-2.981585313000000070e+01,6.670280817000000528e-01,6.113892622999999790e-03,-2.428903567999999950e-03,-7.670819979999999871e-01,6.415153382000000626e-01
4.234289448999999905e+01,-2.994351203000000083e+01,6.583799573999999932e-01,6.874017191999999728e-03,-2.626991314000000008e-03,-7.670913930999999630e-01,6.414956285999999785e-01
4.233239772000000301e+01,-3.007218981000000113e+01,6.426586146999999638e-01,3.943688289999999590e-03,-8.498887740999999316e-03,-7.692131291999998455e-01,6.389236088999999952e-01
4.232292118000000158e+01,-3.020444861000000003e+01,6.362313213000000411e-01,3.441923134999999405e-03,-1.045250812000000050e-02,-7.791594889999999829e-01,6.267291191999999622e-01
4.231291038999999898e+01,-3.033799085000000062e+01,6.466916861999999488e-01,2.763903385000000042e-03,-1.237300894999999838e-02,-7.929936409999999158e-01,6.090979845999998643e-01
4.230374819000000031e+01,-3.047156937000000099e+01,6.560703768000000213e-01,8.682796321999999151e-03,-1.492107723000000042e-03,-7.962293022000000997e-01,6.049308068000001093e-01
4.228806921999999702e+01,-3.061317509999999942e+01,6.544486380999999797e-01,2.163899617999999817e-02,9.279933716999998194e-03,-7.983208477000000025e-01,6.017719342999999776e-01
4.227049380999999784e+01,-3.074759517000000031e+01,6.411634398000000123e-01,2.778300083999999531e-02,5.863159439999999709e-03,-7.998133644999998459e-01,5.995767759000000252e-01
4.224801220999999884e+01,-3.087551522000000048e+01,6.281640544000000048e-01,2.510908414000000144e-02,-3.708084962000000005e-03,-7.923196072999999506e-01,6.095780704000000050e-01
4.222555821000000265e+01,-3.100257713999999964e+01,6.270016564000000514e-01,1.885105381000000066e-02,-7.886267912999999144e-03,-8.013607898000000285e-01,5.978321914999998876e-01
4.220530552999999685e+01,-3.112704103000000089e+01,6.407197175000000078e-01,2.457062034000000519e-02,-7.893608596999999658e-03,-7.987594023999999848e-01,6.010968247000000320e-01
4.218624230999999725e+01,-3.125289847000000165e+01,6.507007590000000175e-01,2.613347612000000222e-02,-8.962066196000000387e-03,-7.905452887999999678e-01,6.117800823000000277e-01
4.216904300000000205e+01,-3.138090337999999946e+01,6.454820434000000384e-01,2.228148426000000140e-02,-1.042267587000000016e-02,-7.991638237999999506e-01,6.006097619000000387e-01
4.215561072999999936e+01,-3.150756284999999934e+01,6.285992795000000521e-01,1.461883962000000078e-02,-1.641956902000000010e-02,-7.974933991999999527e-01,6.029269984999999776e-01
4.214801787999999760e+01,-3.162820677999999930e+01,6.160689899000000302e-01,7.725518693999999624e-03,-2.664107148999999772e-02,-7.986594476999998582e-01,6.011436236999999627e-01
4.213332034999999820e+01,-3.175163562999999911e+01,6.250369872000000049e-01,1.378309175000000039e-02,-3.416508901999999737e-02,-7.995127430000000812e-01,5.995182623999999461e-01
4.210744686999999686e+01,-3.188127877999999882e+01,6.420984647999999906e-01,1.847802390999999864e-02,-2.920783602999999992e-02,-8.112728763000000010e-01,5.836452562999999705e-01
4.208253042999999849e+01,-3.200654592000000065e+01,6.438208834999999963e-01,2.397753760000000123e-02,-2.046090648999999984e-02,-8.185168068000000519e-01,5.736171772999999474e-01
4.205777274999999804e+01,-3.212493300999999946e+01,6.252834186000000294e-01,2.124134076000000135e-02,-2.479977627999999795e-02,-8.114818105999999087e-01,5.834646927000000094e-01
4.201881108999999981e+01,-3.225424931999999956e+01,6.079066346000000509e-01,1.808491987000000051e-02,-2.674664739999999680e-02,-8.238976035999998615e-01,5.658182493000000202e-01
4.198758781000000084e+01,-3.237062640999999985e+01,6.079105881999999905e-01,1.610521767000000146e-02,-2.237851898000000131e-02,-8.279172616000000096e-01,5.601721447999999937e-01
4.195025930999999986e+01,-3.249119816999999699e+01,6.198370520000000550e-01,2.291149014000000428e-02,-2.017590150000000276e-02,-8.114412420000000070e-01,5.836361087000000447e-01
4.190578416000000317e+01,-3.262233322000000157e+01,6.262358363000000150e-01,3.785149412000000241e-02,-1.118509206999999950e-02,-8.220890871000000599e-01,5.679891645000000322e-01
4.187168361999999888e+01,-3.274602131000000327e+01,6.158719688999999553e-01,4.480241531000000305e-02,-5.622537451000001168e-04,-8.221820489000000176e-01,5.674584618000000358e-01
4.184310006999999842e+01,-3.287129500000000348e+01,5.980676447999999645e-01,4.090910233000000229e-02,-4.371965377999999583e-03,-8.222583568000000342e-01,5.676253394000000396e-01
4.182247104999999721e+01,-3.298838231999999948e+01,5.927002393000000424e-01,3.320531320000000286e-02,-1.281950045999999920e-02,-8.336593521999999812e-01,5.511307939999999794e-01
4.180574929000000139e+01,-3.310744993000000136e+01,6.067005203999999985e-01,2.668676337999999898e-02,-1.736215539000000169e-02,-8.354200627999999185e-01,5.486890657999998755e-01
4.178720597000000225e+01,-3.322973874000000194e+01,6.233104215000000448e-01,2.487578488999999879e-02,-1.210934540999999975e-02,-8.454600695999999749e-01,5.333215070000000280e-01
4.176434775999999971e+01,-3.335094880999999845e+01,6.311572621000000050e-01,2.737298592999999960e-02,-3.765758043999999517e-03,-8.432475417999999445e-01,5.368147929000000040e-01
4.173593016000000233e+01,-3.347637100000000032e+01,6.242983643999999721e-01,2.759595562999999502e-02,-1.608178113000000020e-03,-8.453850223999999081e-01,5.334416939999999663e-01
4.170402298999999857e+01,-3.359849771999999746e+01,6.122866885000000092e-01,2.371236947000000123e-02,-3.046841194999999874e-03,-8.419805777000000102e-01,5.389778725999999631e-01
4.166861394000000018e+01,-3.371832700000000216e+01,6.054047146000000046e-01,1.427213351000000165e-02,-6.437694285000000044e-03,-8.417161818999999712e-01,5.396931826999999959e-01
4.163156675999999834e+01,-3.383538698000000267e+01,6.129718106000000555e-01,8.814869072999999625e-03,-8.910426827000000535e-03,-8.333853843000000872e-01,5.525501819999999453e-01
4.159295165000000338e+01,-3.395460331000000309e+01,6.234754784999999577e-01,1.028781550999999933e-02,-6.684490359000000263e-03,-8.333263087999999152e-01,5.526452220999998888e-01
4.155302380999999912e+01,-3.407941495000000032e+01,6.247439771999999669e-01,1.254888221000000081e-02,-2.524692966999999861e-03,-8.311035478999999615e-01,5.559703625999999899e-01
4.151603361000000092e+01,-3.420294865000000328e+01,6.116370400999999735e-01,1.123596250999999747e-02,-6.525495962999999268e-03,-8.333228687999999496e-01,5.526338456999999593e-01
4.148184140000000042e+01,-3.433002407000000034e+01,5.947323112000000300e-01,1.018939081999999975e-02,-1.438937521000000115e-02,-8.353897960000000733e-01,5.493751095000000140e-01
4.144959081999999739e+01,-3.445316442000000023e+01,5.911106766999999484e-01,9.885292440000000361e-03,-2.418592262000000132e-02,-8.389611457000000216e-01,5.435637204000000056e-01
4.141461087999999791e+01,-3.458023914000000332e+01,6.032847605000000168e-01,1.594497440000000252e-02,-2.646152412000000315e-02,-8.462201487999999605e-01,5.319370313000000294e-01
4.137749320999999725e+01,-3.470114843999999721e+01,6.147590703999999961e-01,2.151493029999999862e-02,-2.078906598000000022e-02,-8.499618651000000469e-01,5.259940592999999831e-01
4.133796468999999973e+01,-3.482386878999999880e+01,6.137744413000000288e-01,2.449401252000000043e-02,-1.987144532000000366e-02,-8.508974339999999525e-01,5.243841395999999655e-01
4.129980281999999647e+01,-3.494057666999999867e+01,5.997097232000000444e-01,1.967503342000000155e-02,-2.397951191999999829e-02,-8.534034369999999869e-01,5.203272526000000120e-01
4.125815288999999808e+01,-3.506364374999999711e+01,5.858661129000000134e-01,1.446119981000000033e-02,-2.482460754000000158e-02,-8.538143830000000101e-01,5.197841975000000447e-01
4.121352372999999858e+01,-3.518520986000000050e+01,5.852575985000000314e-01,1.189411400999999986e-02,-2.248286096000000345e-02,-8.555304968000000398e-01,5.171272765000000105e-01
4.116766567999999893e+01,-3.530317359000000010e+01,5.959065982000000261e-01,1.696708984000000475e-02,-2.228453253999999883e-02,-8.520813088000001034e-01,5.226595074000001118e-01
4.112099452999999727e+01,-3.542342468999999738e+01,6.007774020999999687e-01,2.131998099999999827e-02,-1.951617594999999900e-02,-8.516109654000000306e-01,5.233768630999999782e-01
4.107834349000000174e+01,-3.554361296999999809e+01,5.917376852000000298e-01,1.786740275000000058e-02,-2.188432115000000025e-02,-8.501132485000001404e-01,5.258415132000000547e-01
4.103540269999999879e+01,-3.567043095999999736e+01,5.751478415999999871e-01,1.292549000000000128e-02,-2.851156704999999875e-02,-8.525081262000000493e-01,5.217757344000000241e-01
4.099560787000000062e+01,-3.579585804999999965e+01,5.680076203999999684e-01,1.096557872000000072e-02,-2.895499484000000484e-02,-8.592316175999999972e-01,5.106489906000000190e-01
4.094988395000000025e+01,-3.593011621000000133e+01,5.760739249999999867e-01,1.407127811999999908e-02,-2.610541960999999619e-02,-8.636144859000000062e-01,5.032797689999999324e-01
4.090138111000000265e+01,-3.605772937999999783e+01,5.894843551999999764e-01,-2.152564323999999960e-02,1.503168038999999796e-02,8.725406874000000146e-01,-4.878354682999999636e-01
4.084706205999999895e+01,-3.618115533000000283e+01,5.929543341999999884e-01,-2.395161200000000060e-02,1.173139219000000032e-02,8.709792639000000225e-01,-4.905953693999999254e-01
4.078988420999999676e+01,-3.629987842999999970e+01,5.813291199000000242e-01,-1.860336758999999937e-02,1.667724728999999892e-02,8.754669094999999457e-01,-4.826318209000000081e-01
4.073423470000000179e+01,-3.641402759999999716e+01,5.698189477999999752e-01,-1.003090843000000072e-02,1.840735504000000008e-02,8.707237300000000291e-01,-4.913254890000000596e-01
4.067818970999999806e+01,-3.652752852999999789e+01,5.698608051000000341e-01,-4.441492348000001221e-03,1.505669551999999980e-02,8.705993073000000138e-01,-4.917422244000000386e-01
4.062184830999999718e+01,-3.664010664999999989e+01,5.857291371999999718e-01,-1.132241141000000020e-02,7.219161951000000084e-03,8.683907278000000396e-01,-4.956987297000000070e-01
4.056606024999999960e+01,-3.675214291999999716e+01,5.996635499000000369e-01,1.411634040999999902e-02,-2.354776996999999750e-03,-8.653663715999998507e-01,5.009353519999998339e-01
4.051368647999999695e+01,-3.686262366999999784e+01,6.008885255000000480e-01,1.299658453999999984e-02,-6.085891371000000209e-03,-8.655084947000001305e-01,5.006886221999999886e-01
4.046464679000000331e+01,-3.697564982000000100e+01,5.940374810999999866e-01,1.092547645000000074e-02,-1.480265284000000132e-02,-8.619831012000001014e-01,5.066030485000000416e-01
4.041902486000000039e+01,-3.709534661000000000e+01,5.908215364000000136e-01,-1.169655795000000033e-02,1.974748395999999587e-02,8.675538834999999560e-01,-4.968133317000000271e-01
4.037223276999999655e+01,-3.721956700999999867e+01,6.015610173000000005e-01,-1.894540122000000146e-02,1.678960272999999864e-02,8.700579269999999532e-01,-4.922990806000000497e-01
4.031984888000000211e+01,-3.734809558999999979e+01,6.176407650999999888e-01,-2.078606088999999588e-02,9.721408088000000475e-03,8.816791849999999764e-01,-4.712910444999999227e-01
4.026981682000000262e+01,-3.746228898999999757e+01,6.255981246999999801e-01,-2.328108392000000082e-02,6.920200575000000354e-03,8.794401820999998565e-01,-4.753893857000000001e-01
4.021352763000000152e+01,-3.758159595000000053e+01,6.204417005000000263e-01,-2.230754152000000157e-02,1.208449562999999900e-02,8.744216034999998666e-01,-4.845030421000000032e-01
4.015442278999999814e+01,-3.770060019000000295e+01,6.098091697999999949e-01,-1.845478163000000005e-02,1.494563758000000062e-02,8.788936677000001030e-01,-4.764262479999999966e-01
4.009843640999999792e+01,-3.781564141999999862e+01,6.057072811999999473e-01,-1.240045094999999917e-02,1.332300550000000208e-02,8.767849604999999880e-01,-4.805380936000000491e-01
4.004279128999999671e+01,-3.793841022000000152e+01,6.166653525999999941e-01,-1.015470276999999935e-02,2.964074481000000382e-03,8.778024460000001250e-01,-4.789060055000000649e-01
3.999332445000000291e+01,-3.805916598999999678e+01,6.310684047000000296e-01,-6.833066272000000267e-03,-6.292243502999999606e-03,8.759442675000000955e-01,-4.823228762999999808e-01
3.994474675000000019e+01,-3.818146734999999836e+01,6.327594144999999504e-01,-5.767764164000000089e-03,-1.070771104999999890e-02,8.668879020999999963e-01,-4.983547361999999259e-01
3.989554105999999933e+01,-3.830684792000000272e+01,6.225559264000000148e-01,2.587532099000000498e-03,6.809996954000000109e-03,-8.657802830999999921e-01,5.003712921999999841e-01
3.984911129000000329e+01,-3.843445296000000155e+01,6.118926864000000521e-01,-3.033858245999999730e-04,-3.263205124999999859e-03,8.683018231000000364e-01,-4.960254060999999548e-01
3.979968943000000081e+01,-3.856456164000000086e+01,6.173577985999999518e-01,-5.205220146999999832e-03,-4.997174537000000083e-03,8.722137079999999765e-01,-4.890717549999999969e-01
3.974741025000000150e+01,-3.869358328999999941e+01,6.334777937000000136e-01,-1.383111354000000036e-02,-1.452666300000000216e-02,8.821448817999999470e-01,-4.705508303000000558e-01
3.969274845000000340e+01,-3.881043127000000226e+01,6.444388568000000150e-01,-2.383827352000000149e-02,-1.935404062999999952e-02,8.807802629999998967e-01,-4.725286089000000356e-01
3.963571833999999683e+01,-3.892328854000000149e+01,6.416435529999999776e-01,-2.826533582999999836e-02,-1.041426072000000043e-02,8.798654728999999453e-01,-4.742671857999999907e-01
3.957638782000000077e+01,-3.903323776999999950e+01,6.305854319999999458e-01,-2.308436103000000017e-02,1.061152476999999931e-03,8.786159403000000090e-01,-4.769696171000000207e-01
3.952032151000000226e+01,-3.914512420999999875e+01,6.237007848000000187e-01,-1.699650634999999924e-02,5.074675641999999882e-03,8.804717800000000372e-01,-4.737666208999999906e-01
3.945939204999999816e+01,-3.925970683999999977e+01,6.328905870000000045e-01,-2.257598598000000109e-02,6.430477769999999940e-03,8.756552978000000653e-01,-4.823658086000000011e-01
3.939422421999999813e+01,-3.937542224999999974e+01,6.482161108999999755e-01,-3.507353306000000198e-02,1.025123204999999968e-02,8.736098250999999593e-01,-4.852531637999999425e-01
3.933601039999999927e+01,-3.948439239999999728e+01,6.535264213999999461e-01,-3.755104599999999765e-02,1.291535217000000166e-02,8.682860072000000429e-01,-4.944719631000000226e-01
3.928284625999999946e+01,-3.959939145999999965e+01,6.457148713000000484e-01,-3.094370579000000135e-02,1.377982676000000066e-02,8.728863618000000102e-01,-4.867463434000000033e-01
3.923496946000000207e+01,-3.971732589999999874e+01,6.371537409999999957e-01,-2.467901209000000068e-02,1.610036445999999885e-02,8.810454121999999888e-01,-4.721130227000000512e-01
3.918792632000000253e+01,-3.983250704000000297e+01,6.437459708999999641e-01,-2.192819353000000082e-02,1.853766969000000125e-02,8.805954190000000459e-01,-4.729981153999999743e-01
3.913149496999999855e+01,-3.995976913999999880e+01,6.610384609999999661e-01,-2.633111390000000135e-02,1.462243736000000058e-02,8.927992176000001390e-01,-4.494467865000000284e-01
3.907155542999999653e+01,-4.007742727000000116e+01,6.723719989999999980e-01,-3.306179755000000081e-02,6.332514124000000397e-03,8.979107656999999465e-01,-4.388884525000000814e-01
3.900492188999999854e+01,-4.019506250999999963e+01,6.681993402000000470e-01,-3.390254125000000118e-02,8.768632644999999753e-03,8.976014368999999382e-01,-4.394148258999999168e-01
3.893870958000000115e+01,-4.030424027000000109e+01,6.541873929999999504e-01,-2.611627950999999975e-02,1.777098746999999923e-02,9.041877267000001384e-01,-4.259655936000000254e-01
3.887172836999999959e+01,-4.041318864000000133e+01,6.440734339000000475e-01,-1.631576670999999520e-02,2.217112283999999808e-02,9.009749937999999014e-01,-4.329968794999999315e-01
3.880062388000000340e+01,-4.052866178000000019e+01,6.468893296000000070e-01,-1.373004639000000027e-02,1.914206017999999995e-02,9.072925506999999223e-01,-4.198396060999999846e-01
3.873563236999999759e+01,-4.063857526999999692e+01,6.611788187999999566e-01,-1.533613066999999983e-02,1.142297572999999983e-02,9.058449686999998640e-01,-4.231775174999999889e-01
3.866814387000000153e+01,-4.075485583999999761e+01,6.683562170000000302e-01,-1.587352892999999848e-02,4.876947488000000185e-03,9.035750619000000317e-01,-4.281078766000000480e-01
3.860382673000000153e+01,-4.086451370000000338e+01,6.639568234999999596e-01,-1.260557133000000246e-02,7.117181591000000009e-03,9.053677545000000659e-01,-4.243815200000000676e-01
3.854053120999999749e+01,-4.098080050000000085e+01,6.560589449000000517e-01,-6.812641265999999293e-03,1.695667948000000036e-02,9.036911936000000534e-01,-4.277946767999999400e-01
3.847736848000000265e+01,-4.109561740000000185e+01,6.570431876000000226e-01,-4.457929664000000181e-03,2.408632460000000031e-02,9.090742377999998514e-01,-4.159134596999999878e-01
3.840683483000000109e+01,-4.121734011000000208e+01,6.728312142000000273e-01,-1.124297282999999967e-02,2.159423012999999933e-02,9.152951411999998843e-01,-4.020473720000000140e-01
3.833496969000000121e+01,-4.133372742000000244e+01,6.881834182999999605e-01,-1.734715818999999978e-02,1.387599991000000067e-02,9.221301045000001029e-01,-3.862416381999999593e-01
3.826148543000000046e+01,-4.144825387000000205e+01,6.900970563999999641e-01,-1.895834050000000034e-02,1.192098561999999952e-02,9.222669170999999722e-01,-3.859043990000000091e-01
3.818740917000000223e+01,-4.155903458000000228e+01,6.789104768999999484e-01,-1.272860661000000185e-02,1.419989646000000168e-02,9.230484297000000060e-01,-3.842108041000000807e-01
3.811281392000000068e+01,-4.167096566000000024e+01,6.684480703999999829e-01,-6.386169226999999227e-03,1.418048656000000206e-02,9.222196969999998384e-01,-3.863534148000000168e-01
3.803472665999999691e+01,-4.178220593999999721e+01,6.730735915000000125e-01,-7.875497941000002278e-03,1.217752014999999924e-02,9.221056887999999896e-01,-3.866662428000000595e-01
3.795920559000000338e+01,-4.189166046999999793e+01,6.899201992000000283e-01,-1.273049830999999944e-02,6.188435907000001089e-03,9.219062223000000778e-01,-3.871544330000000200e-01
3.788181609000000094e+01,-4.200572987999999697e+01,6.974961496999999566e-01,-1.469706055999999914e-02,-1.383127347000000023e-04,9.206928049999999475e-01,-3.900111999999999468e-01
3.780781664999999947e+01,-4.211837400999999659e+01,6.929178341999999713e-01,-1.305789943000000043e-02,1.456826061000000014e-04,9.199409061000000110e-01,-3.918395071999999368e-01
3.773221778999999998e+01,-4.223998441999999898e+01,6.847761973999999530e-01,-1.032742784000000025e-02,2.035582439000000170e-03,9.247761545999999555e-01,-3.803659612999999995e-01
3.766161414999999835e+01,-4.235541007999999863e+01,6.858802889999999763e-01,-9.390521667999999697e-03,6.279882039999999492e-03,9.284100495999999536e-01,-3.713854614000000054e-01
3.758772949000000096e+01,-4.247339503999999977e+01,7.008818233000000397e-01,-1.407814931000000123e-02,6.138849821000000664e-03,9.297989079000000823e-01,-3.677473468000000412e-01
3.750925586999999695e+01,-4.258675101000000041e+01,7.165536927000000222e-01,-1.915765565000000087e-02,-2.468113040999999914e-03,9.337344653999999355e-01,-3.574448780000000214e-01
3.742651105000000200e+01,-4.269311241999999851e+01,7.177709824000000349e-01,-1.762048843999999836e-02,-2.150162953999999824e-03,9.340497219999999157e-01,-3.567015726999999692e-01
3.734201792999999725e+01,-4.278695557999999721e+01,7.085613146000000473e-01,-1.162148985999999877e-02,7.748499759999999403e-03,9.320205610999998669e-01,-3.621361282000000181e-01
3.725434342999999870e+01,-4.287954612000000054e+01,7.021299905000000230e-01,-6.480787642000000043e-03,1.702708751000000034e-02,9.284491539000000460e-01,-3.710124611000000239e-01
3.716582798999999682e+01,-4.297023602000000153e+01,7.105108050999999758e-01,-5.010817376000000975e-03,2.285937055000000079e-02,9.270437299999999547e-01,-3.742222115000000682e-01
3.708148216000000019e+01,-4.306472518999999721e+01,7.283276707000000405e-01,-1.114596061000000006e-02,2.423518330000000096e-02,9.233911197000000959e-01,-3.829324530000000060e-01
3.699925644000000347e+01,-4.316296518000000049e+01,7.376817758000000502e-01,-1.177663634999999952e-02,2.122290692999999687e-02,9.241551839999999629e-01,-3.812454522999999540e-01
3.692587230000000176e+01,-4.326269419999999855e+01,7.324341597000000315e-01,-2.682042686999999790e-03,1.714236153999999790e-02,9.275354019999998423e-01,-3.733323239999999932e-01
3.685519074999999845e+01,-4.336617353999999835e+01,7.239115825999999920e-01,6.925990473000000203e-03,2.079596993000000157e-02,9.306996958000000042e-01,-3.651268746999999926e-01
3.678751805000000275e+01,-4.346690913999999850e+01,7.264277016000000309e-01,9.093431654999997726e-03,3.046195963999999770e-02,9.298413353999999131e-01,-3.665848734000000109e-01
3.670899812999999767e+01,-4.357653392000000281e+01,7.444247754999999689e-01,2.021667773999999938e-03,3.221619284999999860e-02,9.338756539000000467e-01,-3.561380249000000719e-01
3.663104965000000135e+01,-4.367948100000000267e+01,7.593775906999999936e-01,-4.351321332999999979e-03,2.645633754000000296e-02,9.391144051000001047e-01,-3.425569475000000419e-01
3.655013711000000143e+01,-4.377923026999999934e+01,7.579942631999999625e-01,-7.598240635999999222e-03,2.611674922999999982e-02,9.342352892999999936e-01,-3.556186250000000215e-01
3.646728707999999841e+01,-4.387944602000000316e+01,7.425723739999999795e-01,-4.644559351000000259e-03,3.053221905000000000e-02,9.381737199000000915e-01,-3.447844005999999850e-01
3.638303823999999764e+01,-4.398231831999999741e+01,7.297053708999999833e-01,7.720676912000001011e-04,2.879467155999999861e-02,9.357807399999999998e-01,-3.514038666000000033e-01
3.629819559999999967e+01,-4.407978991000000235e+01,7.274052206000000131e-01,9.834760567000000453e-03,2.755077183999999485e-02,9.336655191999999603e-01,-3.569494791999999750e-01
3.621103528999999810e+01,-4.417980599999999924e+01,7.354610763000000162e-01,5.855937524999999498e-03,2.485896243999999658e-02,9.362363475999998519e-01,-3.504414951000000000e-01
3.612512770000000017e+01,-4.427630600999999899e+01,7.400502445000000096e-01,-8.490508153999999728e-04,1.942336240999999880e-02,9.337916786000000080e-01,-3.572885571000000149e-01
3.603654709999999994e+01,-4.437860068999999896e+01,7.357369337000000398e-01,-4.312430855000000396e-03,1.443565519000000047e-02,9.352992716000001483e-01,-3.535368260999999790e-01
3.594655129000000215e+01,-4.448175597000000181e+01,7.233391713000000278e-01,-1.414698048000000066e-03,1.633436833999999532e-02,9.373540731999999709e-01,-3.479921383999999285e-01
3.586155652000000060e+01,-4.458153911000000136e+01,7.173201438999999846e-01,3.035304244999999842e-03,2.215946417000000390e-02,9.389595195000000061e-01,-3.432998191000000698e-01
3.577341839000000334e+01,-4.468598010000000187e+01,7.283320032000000221e-01,-7.646519282000000233e-04,2.562346089999999535e-02,9.422182861000000242e-01,-3.340172972000000073e-01
3.568314457999999689e+01,-4.478757265000000132e+01,7.433598022999999833e-01,-8.574093523999999286e-03,2.096934789000000354e-02,9.453410679999999511e-01,-3.252953067000000087e-01
3.559105047999999982e+01,-4.488570512999999806e+01,7.475749533000000113e-01,-1.132570309999999907e-02,2.004087041999999888e-02,9.447497827999998821e-01,-3.269830879000000246e-01
3.549996969000000036e+01,-4.497977974999999873e+01,7.387998888000000264e-01,-5.949213805999999452e-03,2.487904738000000157e-02,9.441364934999998404e-01,-3.285603773999999366e-01
3.541018764999999746e+01,-4.507538405999999753e+01,7.318311580999999899e-01,2.204325795999999889e-03,2.703233001000000107e-02,9.408877516000000440e-01,-3.376309123999999828e-01
3.531864772000000130e+01,-4.516623183000000097e+01,7.359445835000000269e-01,1.069307325000000072e-02,2.467149585999999992e-02,9.398098742999999589e-01,-3.406381889000000274e-01
3.523078285999999792e+01,-4.525860423999999682e+01,7.519832292999999446e-01,8.057425248999999443e-03,1.594503411999999981e-02,9.415841432999999538e-01,-3.363036347999999731e-01
3.514473170000000124e+01,-4.535191378999999756e+01,7.646147250000000506e-01,3.989618371000000149e-03,7.079093528000001204e-03,9.377695435999999773e-01,-3.471631497000000066e-01
3.505825672999999654e+01,-4.544789160999999922e+01,7.619038833000000288e-01,1.615857915000000087e-03,6.983261864000000173e-03,9.370812760000000186e-01,-3.490376845000000006e-01
3.497078841999999810e+01,-4.554666911000000340e+01,7.504507851999999701e-01,1.421529277999999908e-03,1.298773701000000003e-02,9.376138721000000231e-01,-3.474327629000000250e-01
3.488742389000000088e+01,-4.564651783000000052e+01,7.476712866000000401e-01,1.041299619999999995e-03,1.824584639000000064e-02,9.414824134999999483e-01,-3.365662933999999940e-01
3.480163411000000195e+01,-4.575122215999999753e+01,7.641392438999999870e-01,-1.679710557000000000e-03,1.827107387999999874e-02,9.472312194000001018e-01,-3.200255669000000025e-01
3.471505642000000336e+01,-4.585295751999999680e+01,7.801794047000000232e-01,-8.248345483000000047e-03,1.295072235999999988e-02,9.521767542999999279e-01,-3.051617147999999835e-01
3.462482680000000101e+01,-4.594930853000000326e+01,7.824566514999999889e-01,-1.310924586999999940e-02,1.071399309000000029e-02,9.496309718000000011e-01,-3.129127281999999899e-01
3.453323644000000314e+01,-4.604541023000000166e+01,7.708058566000000056e-01,-9.229837741000000359e-03,1.529367043999999877e-02,9.513177223000000016e-01,-3.076938495000000051e-01
3.444153088000000196e+01,-4.613926870000000235e+01,7.554440808000000285e-01,-2.392488358000000211e-03,1.706080617999999535e-02,9.490370727000000395e-01,-3.146932467999999927e-01
3.435135670999999746e+01,-4.622928031000000004e+01,7.493774263000000380e-01,3.227745067999999475e-03,1.634387161999999519e-02,9.483661103999998510e-01,-3.167399251999999388e-01
3.426034424000000200e+01,-4.632216241999999795e+01,7.644753153000000134e-01,-2.356756907000000061e-03,1.138887339000000179e-02,9.482655540000000105e-01,-3.172651544999999795e-01
3.417262528999999915e+01,-4.641159850999999748e+01,7.800550159000000372e-01,-3.848340452999999932e-03,7.865875430000000487e-03,9.450495173000000859e-01,-3.268099266999999752e-01
3.408797975000000235e+01,-4.650232974000000041e+01,7.809704593999999833e-01,-2.917559362999999975e-03,1.097496832000000207e-02,9.442815984000001439e-01,-3.289427013999999816e-01
3.400194651000000334e+01,-4.659443101000000098e+01,7.729008757999999979e-01,1.094894004000000103e-03,1.831866758999999706e-02,9.437037818000000300e-01,-3.302823031999999603e-01
3.392052293999999790e+01,-4.668926869999999951e+01,7.679912634000000127e-01,4.752051499999999928e-03,2.404999613000000439e-02,9.469779755000000687e-01,-3.203618728000000582e-01
3.383929111999999861e+01,-4.678556425000000019e+01,7.818584243999999739e-01,6.541377265000000371e-03,3.014561820000000170e-02,9.461229209000000528e-01,-3.223350285000000093e-01
3.375385795999999772e+01,-4.688350298999999666e+01,8.036731442000000225e-01,4.993151787000000251e-03,2.995593368999999867e-02,9.518219249999999576e-01,-3.051437915999999917e-01
3.366882575000000344e+01,-4.697333454000000330e+01,8.154946059000000025e-01,1.358003674999999676e-03,2.466603695999999846e-02,9.496917352000000534e-01,-3.122104266999999878e-01
3.357687856999999809e+01,-4.706818439999999981e+01,8.092074166999999596e-01,3.247903440999999440e-03,2.319575722999999909e-02,9.512968717999998880e-01,-3.073852136999999374e-01
3.348127096000000336e+01,-4.715994812999999652e+01,7.940696865999999909e-01,5.316359865000000115e-03,1.781485788999999723e-02,9.516686172999998528e-01,-3.065635495999999849e-01
3.338376868000000286e+01,-4.725413669000000283e+01,7.863055574999999742e-01,8.286725429999999143e-03,6.467351314999999698e-03,9.525198317000000969e-01,-3.042950440000000700e-01
3.328913694999999962e+01,-4.734547320000000070e+01,7.972631588999999908e-01,4.874585310000000352e-03,-2.568274179999999879e-03,9.512250744000000369e-01,-3.084485374000000002e-01
3.319793866999999921e+01,-4.743375195000000133e+01,8.142585753000000093e-01,-1.246716741999999998e-04,-7.495993317000000308e-03,9.486236179999999463e-01,-3.163179191000000112e-01
3.310880734999999930e+01,-4.752021900999999815e+01,8.207298544000000140e-01,-5.301128597000000220e-03,-6.674944854000000420e-03,9.443367371999999982e-01,-3.288699892999999985e-01
3.302135305000000187e+01,-4.760823371000000037e+01,8.143456038999999924e-01,-3.974515312000000133e-03,2.645630808000000184e-03,9.411619784999999405e-01,-3.379220828999999759e-01
3.293078215999999969e+01,-4.770399206999999819e+01,8.055923667000000066e-01,-2.995216129000000116e-03,1.198770741999999855e-02,9.421284769999999087e-01,-3.350242625000000030e-01
3.284326487999999955e+01,-4.780357243000000267e+01,8.092628105000000405e-01,-3.227195913000000232e-03,1.529807081999999888e-02,9.458400237999999849e-01,-3.242563855999999745e-01
3.275342597000000211e+01,-4.790494472999999687e+01,8.268076826000000379e-01,-4.713643812999999787e-03,1.265633763999999932e-02,9.527524061000000044e-01,-3.034476088999999988e-01
3.266570157000000307e+01,-4.800449013000000065e+01,8.403050845999999741e-01,-1.258316848000000029e-02,2.276780695000000208e-03,9.556878824000000217e-01,-2.941039810000000143e-01
3.257345234000000289e+01,-4.810255124999999765e+01,8.389283111999999987e-01,-1.976404738000000008e-02,4.901159084000001383e-04,9.525216689000001180e-01,-3.038282615000000297e-01
3.247916198000000065e+01,-4.819948329000000342e+01,8.247814975999999687e-01,-2.072040123999999844e-02,6.044512085999999805e-03,9.531795857999999511e-01,-3.016335626000000159e-01
3.238482299999999725e+01,-4.829710255999999902e+01,8.099997669999999816e-01,-2.101703678999999880e-02,7.246872956000000206e-03,9.496389742000000966e-01,-3.125565321000000063e-01
3.229055998999999844e+01,-4.839275895000000105e+01,8.062255949000000088e-01,-2.091708315999999887e-02,5.730398389000000876e-03,9.481163427000001143e-01,-3.171829739000000536e-01
3.219727300000000270e+01,-4.848960240000000255e+01,8.185556588000000300e-01,-3.125621673000000128e-02,5.950095499000000038e-03,9.452809283999999979e-01,-3.247023431000000127e-01
3.210706643999999699e+01,-4.858262538000000319e+01,8.307758169000000192e-01,-3.987628435999999998e-02,4.462390081999999779e-03,9.408169520000000396e-01,-3.365314723000000230e-01
3.202232785999999720e+01,-4.867907780000000173e+01,8.293917781999999850e-01,-3.475488605999999675e-02,6.108777007999999231e-03,9.408168404000000207e-01,-3.370733651999999192e-01
3.194007301999999981e+01,-4.877781016000000136e+01,8.187080240999999869e-01,-2.402246804000000499e-02,1.470314873000000237e-02,9.476474578000000371e-01,-3.180739444999999832e-01
3.186439719999999909e+01,-4.887227413000000098e+01,8.185558205999999837e-01,-1.914846169000000015e-02,2.104045913000000129e-02,9.501309236999998520e-01,-3.105509029999999893e-01
3.178850647999999879e+01,-4.897441846000000254e+01,8.330710704999999550e-01,-1.962587778999999935e-02,2.252349812999999978e-02,9.515841006000000935e-01,-3.059333528000000024e-01
3.170497616999999835e+01,-4.906984844000000123e+01,8.469480612999999991e-01,-2.983802430999999561e-02,1.972182479999999918e-02,9.537465908999999131e-01,-2.984764348999999761e-01
3.161552288000000033e+01,-4.915973945999999728e+01,8.491953091999999703e-01,-3.766592870999999759e-02,2.191485030000000361e-02,9.528135668000000669e-01,-3.004119241000000051e-01
3.152169935999999950e+01,-4.924780514999999781e+01,8.402254622000000506e-01,-3.833358645999999231e-02,2.728595010999999501e-02,9.558839148999999091e-01,-2.899516414000000153e-01
3.142791671000000164e+01,-4.933406315999999947e+01,8.285649835999999713e-01,-3.234583939999999963e-02,2.944173492999999781e-02,9.557818595000000528e-01,-2.908057219999999887e-01
3.133981355999999963e+01,-4.941603601999999995e+01,8.255102291000000481e-01,-2.117945427000000186e-02,3.121002189999999912e-02,9.576535877999999835e-01,-2.854417121999999751e-01
3.125023845999999850e+01,-4.949827435000000264e+01,8.403835691000000052e-01,-1.278772583999999990e-02,3.517696082999999946e-02,9.539451146999999853e-01,-2.976369830000000216e-01
3.116010389999999930e+01,-4.958330449999999701e+01,8.548640901999999819e-01,-1.318546009000000005e-02,3.313357447999999705e-02,9.574577434000000054e-01,-2.863616234999999954e-01
3.106967234000000033e+01,-4.967210899999999896e+01,8.563689549999999873e-01,-1.013498198999999815e-02,2.754396232999999777e-02,9.546143152999998494e-01,-2.963952111999999528e-01
3.097882793999999862e+01,-4.976241170000000125e+01,8.460375730000000427e-01,-2.705053749999999837e-03,2.946082195000000042e-02,9.578161735999999316e-01,-2.858547188000000183e-01
3.088886318999999858e+01,-4.985097400000000079e+01,8.370315839999999952e-01,4.158665942999999893e-03,3.499070253000000075e-02,9.618912531000001209e-01,-2.711523068000000203e-01
3.079312533999999957e+01,-4.993849832000000077e+01,8.447051490000000440e-01,8.656472797999999538e-03,4.240925740999999805e-02,9.657108316000000414e-01,-2.559865429000000026e-01
3.069416262000000017e+01,-5.002527385999999865e+01,8.596764145999999940e-01,5.196071562000000379e-03,4.317752533000000087e-02,9.692498518000000063e-01,-2.422053402000000355e-01
3.058902231000000072e+01,-5.010865244000000018e+01,8.669246225000000194e-01,-6.490647524000000071e-03,3.848792559000000640e-02,9.694328961000001632e-01,-2.422321429000000026e-01
3.047866859999999889e+01,-5.018953319999999962e+01,8.568423961000000144e-01,-1.119041603999999974e-02,3.927552862999999367e-02,9.713986032000000437e-01,-2.339165686000000133e-01
3.036654413999999846e+01,-5.026601927000000103e+01,8.380571821000000199e-01,-1.099913969000000137e-02,4.011330152000000537e-02,9.706432046999999841e-01,-2.369002134000000037e-01
3.025624377000000109e+01,-5.034454179000000096e+01,8.282068719999999828e-01,-5.713151013000000028e-03,3.616985243000000322e-02,9.709132919999999833e-01,-2.366146255999999892e-01
3.014748948000000084e+01,-5.041900513000000217e+01,8.401536083999999738e-01,-1.557375471000000018e-03,3.293370911000000067e-02,9.683601226000000395e-01,-2.473693963999999967e-01
3.003683858999999856e+01,-5.049237442999999814e+01,8.576462384999999911e-01,-5.758562087999998837e-03,2.821250162000000020e-02,9.711719111999999043e-01,-2.366347664000000017e-01
2.992828743999999830e+01,-5.056747560000000163e+01,8.610734112000000273e-01,-7.052440586000000358e-03,1.970055944000000114e-02,9.709576715999999053e-01,-2.383345357999999969e-01
2.982012874999999852e+01,-5.064320086000000032e+01,8.463766587000000063e-01,-4.970443480999999983e-03,2.101908647000000005e-02,9.727086407000000712e-01,-2.310224945999999890e-01
2.971897167999999922e+01,-5.072195413000000030e+01,8.308238226999999920e-01,1.161854363999999988e-04,2.900540167000000003e-02,9.739596483000000360e-01,-2.248583480999999940e-01
2.961773239000000046e+01,-5.079971182999999968e+01,8.333400528000000085e-01,3.076536899000000062e-05,3.736478872000000007e-02,9.719810961000000527e-01,-2.320702920000000113e-01
2.951286466000000175e+01,-5.087802578000000153e+01,8.505301430999999690e-01,-4.669247789000000384e-03,3.867968058000000042e-02,9.753604519999999889e-01,-2.171498769000000106e-01
2.940891687999999959e+01,-5.095445388000000264e+01,8.627473528000000336e-01,-1.130772157000000007e-02,2.975594474999999905e-02,9.766434036000000152e-01,-2.124956030000000051e-01
2.930236404000000050e+01,-5.102983403999999723e+01,8.591604108000000517e-01,-1.178987800000000016e-02,2.560913383000000196e-02,9.774943145000000166e-01,-2.090694529000000079e-01
2.919539799000000002e+01,-5.110181302000000159e+01,8.464970115000000073e-01,-7.880054071000000201e-03,2.550730064999999838e-02,9.776126492000000168e-01,-2.087122194999999902e-01
2.908679376999999988e+01,-5.117228824000000031e+01,8.403937626999999910e-01,-2.254176742000000167e-03,2.056489120000000101e-02,9.782612360999999312e-01,-2.063418472999999920e-01
2.898216653000000065e+01,-5.124117166999999995e+01,8.510257602999999893e-01,2.772292981999999965e-03,1.579143745000000099e-02,9.807174726000000842e-01,-1.947721333000000388e-01
2.887956186999999986e+01,-5.131078844999999689e+01,8.690540754000000145e-01,2.395924017000000596e-03,1.808510920999999855e-02,9.764384030000000658e-01,-2.150237977000000189e-01
2.876935286999999875e+01,-5.137632821999999777e+01,8.761383955999999529e-01,1.399551851000000087e-04,2.061057328999999980e-02,9.737159363999999817e-01,-2.268313467999999999e-01
2.865442902999999930e+01,-5.144787011999999748e+01,8.683844295000000546e-01,-2.169037945000000089e-03,2.401434233000000057e-02,9.794357650000000692e-01,-2.003102314999999911e-01
2.854535741000000115e+01,-5.152350283999999903e+01,8.533531587999999557e-01,1.005364275999999892e-03,3.050983763999999890e-02,9.747118160000000087e-01,-2.213707632999999675e-01
2.843201562999999865e+01,-5.159975545000000352e+01,8.517150892999999501e-01,4.742063563000000490e-04,3.162045486000000100e-02,9.772360735000000798e-01,-2.097846006000000374e-01
2.831871479000000136e+01,-5.167414033000000018e+01,8.643262873000000512e-01,-3.772816422000000065e-03,2.582542855999999526e-02,9.823889842999999900e-01,-1.850153958000000098e-01
2.820729001000000125e+01,-5.174797974999999894e+01,8.727593500000000448e-01,-1.061129547000000048e-02,1.214665552000000065e-02,9.830643332999999817e-01,-1.825496529999999784e-01
2.809500434999999996e+01,-5.181665098999999941e+01,8.657958045000000435e-01,-1.355657552999999828e-02,8.416215198999999966e-03,9.817791970999998341e-01,-1.893541517000000007e-01
2.797857954999999919e+01,-5.187858348999999691e+01,8.469940427000000049e-01,-9.479698155999999321e-03,6.688257274999999738e-03,9.830204761999998819e-01,-1.831287688999999885e-01
2.786344546999999849e+01,-5.193594613999999865e+01,8.339015257999999875e-01,-4.123990925999999890e-03,1.836132045999999685e-03,9.840299794999999294e-01,-1.779455558999999965e-01
2.774820052000000103e+01,-5.199035931000000232e+01,8.370961638999999677e-01,-8.516854776999999198e-04,4.673371204999999563e-03,9.817089010999998644e-01,-1.903288411000000069e-01
2.763143862000000084e+01,-5.204427554000000100e+01,8.531629045999999938e-01,-8.789548491999999227e-03,1.115267567999999807e-02,9.803656993999998459e-01,-1.966760208999999704e-01
2.751909662999999995e+01,-5.210064332000000320e+01,8.595299818999999619e-01,-1.082690172000000048e-02,1.211915640999999995e-02,9.795423951999999712e-01,-2.005806578000000062e-01
2.740925752000000060e+01,-5.215937593000000305e+01,8.472952728000000544e-01,-8.747538806000000264e-03,1.615084039000000068e-02,9.793821113999999772e-01,-2.011797969999999935e-01
2.729780257000000177e+01,-5.222428775000000201e+01,8.298282997000000494e-01,-6.738022262999999144e-03,2.086020623999999823e-02,9.810954808999999832e-01,-1.922787253999999613e-01
2.718744476000000176e+01,-5.228930388999999934e+01,8.267562323999999574e-01,-7.348644387000001152e-03,1.891433379000000137e-02,9.835645306000001531e-01,-1.794130972999999907e-01
2.707535767999999976e+01,-5.235230178999999850e+01,8.387418020000000363e-01,-9.495920390000000752e-03,1.845098934999999524e-02,9.879353354000000031e-01,-1.534703931999999993e-01
2.696840064999999953e+01,-5.241297285000000272e+01,8.503899414000000156e-01,-1.516251438000000042e-02,2.189643422000000020e-02,9.857719789999999094e-01,-1.659646039000000073e-01
2.685660376999999954e+01,-5.246526300000000020e+01,8.523641788000000385e-01,-1.864687427000000230e-02,2.981672206999999922e-02,9.843999882999999729e-01,-1.723946643000000001e-01
2.674004743000000062e+01,-5.251659929000000204e+01,8.430706729000000399e-01,-1.881280760999999926e-02,3.271329802000000342e-02,9.888848966000000074e-01,-1.438143933999999902e-01
2.662547985999999867e+01,-5.256913780000000003e+01,8.327963739000000531e-01,-1.707043534999999959e-02,3.255848660999999949e-02,9.882029559000000685e-01,-1.486723350999999971e-01
2.651410543000000075e+01,-5.261599490999999773e+01,8.325468477999999894e-01,-1.359292485999999758e-02,3.483358816999999191e-02,9.877405925000000142e-01,-1.515598082999999874e-01
2.640136332999999880e+01,-5.266196654000000166e+01,8.454441066000000227e-01,-1.300556597000000064e-02,3.719402368000000042e-02,9.875288716999999217e-01,-1.524276465000000136e-01
2.628910083999999969e+01,-5.271313857999999897e+01,8.551018067000000222e-01,-1.314064059000000055e-02,3.271581978000000224e-02,9.878577056999999773e-01,-1.513081357999999654e-01
2.617819907000000157e+01,-5.276955276000000339e+01,8.510529481999999923e-01,-7.701375374999999690e-03,2.908276775999999939e-02,9.881243835999999892e-01,-1.506820624999999914e-01
2.605962514999999868e+01,-5.282515300000000025e+01,8.394162376999999564e-01,-4.717002207999998822e-03,2.605154044999999710e-02,9.892164716999999330e-01,-1.440480451999999745e-01
2.594236208999999960e+01,-5.288672866000000283e+01,8.296837585999999876e-01,-1.440048695000000238e-03,2.464125198000000419e-02,9.912968027999999876e-01,-1.293111891000000013e-01
2.582158069000000111e+01,-5.294417918999999983e+01,8.333788953999999860e-01,-6.728982764000000089e-03,2.418892342999999501e-02,9.915214388999999962e-01,-1.274945214999999854e-01
2.569949044999999899e+01,-5.299255279999999857e+01,8.440326889999999471e-01,-9.853665801000000002e-03,1.976058207000000108e-02,9.952950815000000118e-01,-9.434047623999999854e-02
2.558735416000000029e+01,-5.304280458000000209e+01,8.502198961000000388e-01,-1.055402989999999937e-02,1.531369644000000162e-02,9.951848023000000598e-01,-9.623571235000001611e-02
2.547065950000000001e+01,-5.307833964999999665e+01,8.434837096999999728e-01,-4.355471936000000245e-03,2.006950067000000046e-02,9.946432982999999783e-01,-1.013062390000000063e-01
2.535164904999999891e+01,-5.311013985999999676e+01,8.323972979999999522e-01,3.218929038999999992e-03,2.478798801999999857e-02,9.957157710999999800e-01,-8.902413924000000811e-02
2.523400542999999985e+01,-5.314191115999999937e+01,8.298710706999999909e-01,9.196763986000000557e-03,2.713517615000000244e-02,9.937783473000000312e-01,-1.076275906000000032e-01
2.510862200000000044e+01,-5.317302390999999773e+01,8.452993260000000175e-01,6.541914288999999515e-03,2.446940253999999731e-02,9.939619267000000535e-01,-1.067620719000000051e-01
2.498110112999999899e+01,-5.320993845999999650e+01,8.607701810000000231e-01,-2.070425457000000029e-06,1.733008364000000051e-02,9.947098057000000049e-01,-1.012525093000000154e-01
2.485355411999999831e+01,-5.324910580000000238e+01,8.593042480999999455e-01,-5.321454873999999745e-03,8.039206977000000129e-03,9.950723772999999772e-01,-9.868139253999999583e-02
2.472434544000000045e+01,-5.328566699999999656e+01,8.439489575999999937e-01,-7.699062112000000860e-03,7.902049469000001561e-03,9.959608961000000482e-01,-8.910766251000000471e-02
2.460148573000000027e+01,-5.332613325999999887e+01,8.308033983999999483e-01,-7.033078790000000212e-03,1.826756217000000126e-02,9.957391732000000495e-01,-9.011287906999999875e-02
2.447394828999999916e+01,-5.335709302000000065e+01,8.325070356999999532e-01,-5.473738330999999672e-03,3.351915669999999681e-02,9.962473781000000805e-01,-7.960945938999999805e-02
2.434372613000000030e+01,-5.339105553000000270e+01,8.421292662999999568e-01,-9.740816575000001837e-03,3.860145420999999688e-02,9.982017702000001158e-01,-4.481372788000000107e-02
2.421511432000000141e+01,-5.342690422999999811e+01,8.478466262999999614e-01,-1.875075414000000260e-02,3.688173999000000924e-02,9.978756667000000524e-01,-5.032196603000000518e-02
2.408464560999999904e+01,-5.345280984000000046e+01,8.408888987000000537e-01,-2.034400691000000372e-02,3.570658504000000233e-02,9.983129182000001212e-01,-4.101802633000000559e-02
2.395731921999999869e+01,-5.348131917999999985e+01,8.251626238999999474e-01,-1.561456466000000001e-02,3.356908413999999674e-02,9.988867344999999842e-01,-2.923343320999999967e-02
2.383332017000000036e+01,-5.350894962999999649e+01,8.136916649000000001e-01,-1.160634905999999994e-02,3.172611495000000198e-02,9.984879841999999561e-01,-4.336463616999999826e-02
2.370093145999999962e+01,-5.353044026999999971e+01,8.196793488000000405e-01,-9.111397060000000006e-03,3.446090135000000332e-02,9.982063465999999607e-01,-4.809904765999999804e-02
2.356404546999999994e+01,-5.355504120999999884e+01,8.323736216999999549e-01,-1.882262443000000049e-02,3.414017513999999948e-02,9.984788591000000046e-01,-3.898878345000000162e-02
2.342844561000000070e+01,-5.358242529999999704e+01,8.336567080000000241e-01,-2.741990055000000093e-02,2.588314602000000089e-02,9.980933666999999287e-01,-4.886556175999999529e-02
2.329239590999999976e+01,-5.361279412999999749e+01,8.151207362000000289e-01,-2.677501382999999610e-02,1.900743256999999978e-02,9.986838596999998430e-01,-3.940005659999999688e-02
2.315836472000000157e+01,-5.364703834000000171e+01,7.943783950999999677e-01,-2.280087853999999969e-02,1.707821812999999952e-02,9.991287421000001334e-01,-3.049936229999999915e-02
2.302678050000000098e+01,-5.368179377999999957e+01,7.903195125999999959e-01,-2.168541902000000257e-02,1.847940396000000152e-02,9.992547578000000597e-01,-2.604195339000000067e-02
2.288777234000000149e+01,-5.371256905999999987e+01,8.052065884000000340e-01,-3.049237532000000431e-02,1.263754276000000031e-02,9.994513324000000587e-01,-2.746203835000000579e-03
2.275802777000000177e+01,-5.374219381999999712e+01,8.174814014000000295e-01,-3.730662398000000185e-02,8.257608768000000016e-03,9.992691606000000393e-01,-1.082746604000000071e-03
2.262877492000000146e+01,-5.376055254999999988e+01,8.143253818000000255e-01,-3.647936025000000221e-02,1.146269609999999925e-02,9.992540937999999651e-01,-5.396192253000000466e-03
2.250185500999999988e+01,-5.377441259999999801e+01,8.017207308999999560e-01,-2.974352793999999675e-02,1.751720986000000063e-02,9.994040448000000021e-01,-1.588710111999999837e-04
2.237280516999999946e+01,-5.378424386999999740e+01,7.913108097000000063e-01,-2.462812635999999875e-02,1.999477738999999935e-02,9.994479196000001231e-01,-9.875232625000000819e-03
2.224510085000000004e+01,-5.379400126000000171e+01,7.936175924999999687e-01,-1.832955081999999847e-02,2.370469211999999895e-02,9.993629431999999646e-01,-1.938615273000000166e-02
2.211107983999999860e+01,-5.380268874000000068e+01,8.049893948999999882e-01,-2.270982094000000007e-02,2.666141034999999770e-02,9.991472073999998482e-01,-2.186987004999999679e-02
2.197670083999999946e+01,-5.381621004000000141e+01,8.088194665000000283e-01,-2.894139779000000010e-02,2.162220819999999960e-02,9.993033341000000513e-01,-9.366008801999999717e-03
2.184708984999999970e+01,-5.383665055000000166e+01,7.955229346000000090e-01,-2.670036223000000000e-02,1.816121374000000122e-02,9.993989117000000588e-01,-1.261254233000000044e-02
2.171274131999999923e+01,-5.385519289999999870e+01,7.725446770999999657e-01,-2.116252035999999920e-02,1.852253830999999948e-02,9.995867217999999665e-01,-5.953905541999999357e-03
2.158321401999999978e+01,-5.388038505000000100e+01,7.625367948000000284e-01,-1.908502701000000176e-02,1.883277028999999839e-02,9.996279679999999779e-01,5.001419590999999810e-03
2.144886251000000144e+01,-5.390134055000000046e+01,7.731112138000000300e-01,-2.277387890999999637e-02,2.181943689999999922e-02,9.995009401000000127e-01,1.770140856999999736e-03
2.131888786000000025e+01,-5.391829458000000130e+01,7.848339992999999737e-01,-3.001184860999999912e-02,1.905803613000000077e-02,9.989178126000000102e-01,2.998806185000000082e-02
2.119443655999999976e+01,-5.393095088999999831e+01,7.854915113999999532e-01,-2.914775899000000142e-02,2.163392578999999774e-02,9.991716324999998511e-01,1.839647075000000118e-02
2.106544569000000067e+01,-5.394005226000000164e+01,7.749293098999999740e-01,-2.317883918000000071e-02,2.627743923000000134e-02,9.990121118000001577e-01,2.733199683000000005e-02
2.093671791999999954e+01,-5.394913707999999986e+01,7.637919482999999676e-01,-1.556144234999999945e-02,2.759157830999999644e-02,9.991812795999999164e-01,2.516578506000000104e-02
2.080511465000000015e+01,-5.395652309999999829e+01,7.630344909999999814e-01,-1.109854294999999998e-02,2.555846122000000192e-02,9.993001638000000852e-01,2.495535965000000161e-02
2.066892282999999964e+01,-5.396769143000000213e+01,7.713954144000000346e-01,-2.099232652000000351e-02,1.896906224000000085e-02,9.994188058999999846e-01,1.901439819000000017e-02
2.053041585000000069e+01,-5.397927813999999813e+01,7.712002757000000486e-01,-3.078660721000000058e-02,1.036770070999999856e-02,9.993989416999999875e-01,1.210169208999999947e-02
2.039379001000000002e+01,-5.399513419000000169e+01,7.568793123999999484e-01,-3.297594419000000887e-02,3.876297553000000295e-03,9.993579396000000781e-01,1.346365660999999936e-02
2.025986397000000139e+01,-5.400852926000000309e+01,7.371306475000000136e-01,-2.613172132999999966e-02,6.695070244999999469e-03,9.995609442999998651e-01,1.225674222000000015e-02
2.012893730000000048e+01,-5.402146000999999842e+01,7.294612518999999962e-01,-1.744089592000000119e-02,1.603114320000000037e-02,9.995101618000000743e-01,2.045126239000000234e-02
1.999584786000000136e+01,-5.403181142999999764e+01,7.412499425999999891e-01,-1.623681658000000055e-02,2.210920291000000037e-02,9.990524062000001315e-01,3.379110306000000091e-02
1.986408006999999998e+01,-5.404058261000000130e+01,7.556000792000000521e-01,-2.456226934000000153e-02,2.011731887999999510e-02,9.984735657000000097e-01,4.519432422999999227e-02
1.972962987000000012e+01,-5.404493063000000319e+01,7.556611441999999679e-01,-2.933678974999999814e-02,1.891309084000000057e-02,9.980735642999999380e-01,5.129140334999999357e-02
1.959737713000000170e+01,-5.404859889000000095e+01,7.438939503000000508e-01,-2.694625273999999918e-02,1.841853519999999897e-02,9.977836248000000463e-01,5.798702450999999869e-02
1.946156042000000141e+01,-5.404917180000000343e+01,7.325652307000000141e-01,-2.532984373999999997e-02,1.656784723999999917e-02,9.979321195000001588e-01,5.670441166000000227e-02
1.933235292999999899e+01,-5.405201074000000006e+01,7.309826500999999643e-01,-2.130398821999999678e-02,1.354253926999999906e-02,9.983535529000000519e-01,5.150653546000000249e-02
1.919792461000000117e+01,-5.405678300999999664e+01,7.392343227000000017e-01,-2.503080951000000165e-02,1.203426182000000115e-02,9.987509625000000613e-01,4.153492557999999973e-02
1.906633180000000038e+01,-5.406202326999999741e+01,7.480671915000000061e-01,-3.263732971999999677e-02,1.069214073000000070e-02,9.985448279999998844e-01,4.157774946000000055e-02
1.893299406999999945e+01,-5.407287323999999984e+01,7.444782057000000064e-01,-3.190197891999999730e-02,1.059447223999999965e-02,9.988798526000000066e-01,3.330256840000000301e-02
1.880007102000000074e+01,-5.408556791000000175e+01,7.299971763000000502e-01,-2.428369183999999972e-02,1.380227304000000189e-02,9.990811535999999382e-01,3.250612329000000106e-02
1.867255712000000045e+01,-5.409876163999999932e+01,7.182829027999999560e-01,-1.686029252000000034e-02,1.928184033999999838e-02,9.988952921999999512e-01,3.939716143000000087e-02
1.853959608999999986e+01,-5.410797962000000183e+01,7.275600749999999728e-01,-1.512982474000000056e-02,2.666130222000000216e-02,9.982823062000001357e-01,4.992695191000001004e-02
1.841128202000000158e+01,-5.411463418999999675e+01,7.456575637000000256e-01,-1.983893275000000317e-02,2.181096976000000340e-02,9.966053279000001153e-01,7.686688961000001652e-02
1.828799296000000041e+01,-5.411746277000000305e+01,7.543250434999999587e-01,-2.346164108999999887e-02,1.852446567000000030e-02,9.961194225999998597e-01,8.277977753999998800e-02
1.816652493000000135e+01,-5.411768332999999842e+01,7.481953056000000268e-01,-2.068469638999999652e-02,2.036572407000000057e-02,9.955236798999999026e-01,8.994433518999998822e-02
1.803713653000000150e+01,-5.411409848000000267e+01,7.366766075999999774e-01,-1.643777185000000127e-02,2.118823477999999885e-02,9.959007494000000626e-01,8.638608469000000345e-02
1.791078535999999843e+01,-5.411015277999999995e+01,7.316658650999999791e-01,-1.292271306000000036e-02,1.697611897999999966e-02,9.954691441999999890e-01,9.266065941999998556e-02
1.777858392999999992e+01,-5.410187863000000164e+01,7.412165126999999964e-01,-1.602008073000000046e-02,1.375811988999999999e-02,9.956468156999999097e-01,9.078264975999998654e-02
1.764747703999999828e+01,-5.409418862999999789e+01,7.499850985999999553e-01,-2.393176002000000496e-02,8.597950369000000731e-03,9.945863363000001511e-01,1.007539860999999981e-01
1.751590947000000043e+01,-5.408730017999999973e+01,7.445540443999999480e-01,-2.814279213000000016e-02,3.883345137000000172e-03,9.948517885000001115e-01,9.727703678000000631e-02
1.738053706999999903e+01,-5.407738739999999922e+01,7.275119249000000510e-01,-2.573748130000000356e-02,7.514453939000000082e-03,9.942503313000000675e-01,1.036696378000000057e-01
1.725077466000000115e+01,-5.407218204000000128e+01,7.136857755000000081e-01,-1.796011359000000002e-02,1.569874677000000079e-02,9.936384998999999718e-01,1.100614155000000094e-01
1.712011515000000017e+01,-5.406300706999999761e+01,7.172221207000000209e-01,-1.246657013999999918e-02,2.868209772000000074e-02,9.938660217000000463e-01,1.060766365000000017e-01
1.698455412999999936e+01,-5.404589063000000237e+01,7.334012200999999731e-01,-1.739898893999999863e-02,3.450643154000000018e-02,9.901711564999999826e-01,1.344160040000000056e-01
1.685798473999999914e+01,-5.402847593999999987e+01,7.450627827000000369e-01,-2.383039343000000268e-02,3.455511749000000910e-02,9.888014684000001608e-01,1.432121234000000021e-01
1.673073979000000122e+01,-5.400679356999999925e+01,7.420180648999999962e-01,-2.092335203000000171e-02,3.656068080000000192e-02,9.878099257000000355e-01,1.498568668999999964e-01
1.660432554000000138e+01,-5.398049072999999964e+01,7.318610339000000131e-01,-1.390150052999999941e-02,3.571886038000000180e-02,9.865420411999998862e-01,1.589519181999999864e-01
1.648056659999999951e+01,-5.395648838000000325e+01,7.280748291999999955e-01,-9.475052811999997923e-03,2.983195498999999598e-02,9.870179114999998449e-01,1.575306959999999701e-01
1.635381948999999935e+01,-5.393142178000000087e+01,7.393175990999999447e-01,-1.441745919000000063e-02,2.686123215000000078e-02,9.876399668999999992e-01,1.537462418999999969e-01
1.622952013000000093e+01,-5.390584642000000315e+01,7.537080071999999742e-01,-2.094099282000000048e-02,2.221329427000000301e-02,9.868198190000001535e-01,1.589172399000000346e-01
1.610842272000000008e+01,-5.388475166999999999e+01,7.581109005999999706e-01,-2.255354566000000033e-02,1.734855203999999956e-02,9.876473793000000168e-01,1.540877005000000077e-01
1.598450807999999945e+01,-5.386346358000000123e+01,7.502240959000000542e-01,-1.621457827999999921e-02,1.593581544000000072e-02,9.872944869000001011e-01,1.572664404999999932e-01
1.585815234999999923e+01,-5.384489473000000004e+01,7.378295809999999566e-01,-1.064085761000000026e-02,1.196538776000000137e-02,9.838815463000001316e-01,1.781030728999999924e-01
1.573660774999999923e+01,-5.383073106999999879e+01,7.364892597000000096e-01,-4.610721905999999766e-03,1.124157989000000059e-02,9.827762786999998390e-01,1.843994418000000080e-01
1.561075235000000028e+01,-5.381311415999999781e+01,7.488618674000000475e-01,-2.712307406999999847e-03,1.355850116000000168e-02,9.789769852000000938e-01,2.035015306000000079e-01
1.548775020999999974e+01,-5.379444790000000154e+01,7.600317127000000283e-01,-1.230455059000000115e-02,1.122270151000000216e-02,9.768549464000000349e-01,2.132535173000000006e-01
1.535983891000000057e+01,-5.376848078999999814e+01,7.568515040000000083e-01,-1.933978313999999699e-02,1.184288631000000001e-02,9.764456100999999721e-01,2.145686121000000002e-01
1.523790656999999982e+01,-5.374206399999999917e+01,7.413617014000000172e-01,-1.519562588000000075e-02,1.572070789999999857e-02,9.750351108000000488e-01,2.209716838999999655e-01
1.511510563999999945e+01,-5.371469081000000045e+01,7.261200687000000098e-01,-8.243230105000000710e-03,1.830870705999999848e-02,9.760039086000000808e-01,2.168253003000000234e-01
1.498938695999999915e+01,-5.368639707999999899e+01,7.245304719999999810e-01,-3.891273106000000225e-03,1.364424487000000068e-02,9.746541114000000228e-01,2.232667814000000028e-01
1.486289041999999938e+01,-5.366017997000000150e+01,7.352797196999999452e-01,-1.189238226999999974e-02,1.394963387999999943e-02,9.746333717999999813e-01,2.230555301999999906e-01
1.473462873999999978e+01,-5.363366208000000057e+01,7.383301263999999531e-01,-1.916938338999999922e-02,1.358253052999999939e-02,9.750332800000001132e-01,2.208124826000000263e-01
1.460774651999999918e+01,-5.360762943999999663e+01,7.290118826999999468e-01,-1.830161905999999963e-02,1.342537772999999844e-02,9.735918087999999582e-01,2.271646972999999681e-01
1.447810658000000039e+01,-5.358184626999999978e+01,7.144457270999999832e-01,-1.153215915000000043e-02,1.521186349000000146e-02,9.706723459999999637e-01,2.396472517999999607e-01
1.436108433999999967e+01,-5.356034166999999968e+01,7.125995625000000055e-01,-9.626582241999999748e-03,2.300978283999999957e-02,9.707585298000001028e-01,2.387587814000000364e-01
1.423449689999999990e+01,-5.353389731000000040e+01,7.257608317999999503e-01,-1.806960918000000138e-02,2.460905005000000451e-02,9.696649709000001449e-01,2.425236649999999994e-01
1.411576155000000021e+01,-5.350156711999999715e+01,7.368033031999999816e-01,-2.981596125999999569e-02,2.218804197999999644e-02,9.615878912999998862e-01,2.719695325999999524e-01
1.400416592000000016e+01,-5.346377102000000292e+01,7.338388196999999780e-01,-3.355453102000000021e-02,2.418690273999999849e-02,9.649255548000000848e-01,2.592445965999999880e-01
1.388985659999999989e+01,-5.342092166999999847e+01,7.186614730000000506e-01,-3.269918472999999715e-02,2.425332025999999905e-02,9.644017721000001098e-01,2.612886560000000635e-01
1.378310712999999943e+01,-5.338266124999999818e+01,7.013927192000000144e-01,-2.726773740000000210e-02,1.765975967000000396e-02,9.686151067999999587e-01,2.464333142000000310e-01
1.367293996000000078e+01,-5.334517661999999660e+01,6.999077930999999531e-01,-2.896735378999999722e-02,9.401271228000000063e-03,9.728367652999999615e-01,2.294801442999999941e-01
1.356535878000000039e+01,-5.331621080000000035e+01,7.133090814000000446e-01,-2.929731639000000137e-02,-2.227795712000000053e-03,9.761640301999998659e-01,2.150360209999999939e-01
1.345919935000000045e+01,-5.329378614000000169e+01,7.223468387999999463e-01,-2.753635487000000159e-02,-8.833444753000000219e-03,9.826346797999999660e-01,1.832834017999999676e-01
1.334929509000000003e+01,-5.327410350000000250e+01,7.196304185999999881e-01,-2.043241565000000065e-02,-9.670468826000000809e-03,9.868484870000001630e-01,1.600595579000000102e-01
1.323431152000000033e+01,-5.325751887999999923e+01,7.093743412999999887e-01,-1.150538333000000052e-02,-9.063587022000000465e-03,9.905565790000001591e-01,1.363199964000000042e-01
1.311594593000000053e+01,-5.324566424999999725e+01,7.020109154000000462e-01,-6.158586192999999410e-03,-1.057145081999999979e-02,9.913840597999999948e-01,1.304145784999999891e-01
1.299789482999999990e+01,-5.323280224999999888e+01,7.107973380000000008e-01,-1.202339198999999824e-02,-7.513776953999999446e-03,9.938869187000000105e-01,1.094886935999999922e-01
1.288004656999999931e+01,-5.322019130999999703e+01,7.255550942999999808e-01,-2.009315860999999828e-02,-3.249067361999999869e-03,9.946678109000000045e-01,1.011021983000000013e-01
1.276846656999999929e+01,-5.320348536000000195e+01,7.348837038000000099e-01,-2.324231388000000051e-02,2.279488017000000019e-03,9.964872817000000049e-01,8.042198842000000680e-02
1.265508713000000007e+01,-5.318909201000000309e+01,7.355737404000000090e-01,-1.756426545999999894e-02,5.879344350000000226e-03,9.977025903000000806e-01,6.516495378000000671e-02
1.254306169000000004e+01,-5.317699517999999870e+01,7.298761066000000186e-01,-9.393636897999999361e-03,2.622173430999999791e-03,9.984095389999999570e-01,5.552725716999999672e-02
1.243235742000000066e+01,-5.316975156000000169e+01,7.276977261000000530e-01,-2.581641994000000336e-03,-6.787802382000000107e-03,9.990069186000001267e-01,4.395949836000000166e-02
1.232434027999999948e+01,-5.316199845999999951e+01,7.384881241999999846e-01,1.940689774000000159e-03,-1.305155128999999949e-02,9.997870961000001611e-01,1.586358188000000502e-02
1.220924894000000016e+01,-5.316230202999999932e+01,7.517999079999999612e-01,-2.297276259999999400e-03,-1.473851412000000069e-02,9.998864719000000179e-01,-2.131203487000000139e-03
1.209105500999999983e+01,-5.316615311999999705e+01,7.555459208000000482e-01,-1.034449590000000030e-02,-1.554843164000000062e-02,9.995505859000000104e-01,-2.344917733999999504e-02
1.197064613000000044e+01,-5.317512063000000211e+01,7.434544296999999746e-01,-1.218710257000000033e-02,-1.497204455000000073e-02,9.988010064000001353e-01,-4.498735384000000087e-02
1.184981802999999978e+01,-5.319299574000000064e+01,7.285313153000000375e-01,-9.142793075000002490e-03,-1.304394810000000099e-02,9.984134387999999971e-01,-5.400805562000000198e-02
1.173323047999999957e+01,-5.320980098999999797e+01,7.278206699999999474e-01,-9.247532567000000051e-03,-7.088792443999999970e-03,9.961260653000000298e-01,-8.716131095000000106e-02
1.161150117999999942e+01,-5.323347459000000015e+01,7.436118525999999562e-01,-1.710061259000000139e-02,-1.480339074000000142e-03,9.941357357000001338e-01,-1.067685193000000032e-01
1.149379255999999927e+01,-5.325224606999999821e+01,7.566887499000000128e-01,-2.282766836999999827e-02,-6.126605618999999506e-04,9.948403313000000470e-01,-9.884956986000000001e-02
1.138086295999999997e+01,-5.326490818999999988e+01,7.623951550999999993e-01,-2.485855072000000415e-02,2.538130595000000211e-03,9.910497898000000250e-01,-1.311332316000000386e-01
1.126814107999999948e+01,-5.327992337999999961e+01,7.607724444000000252e-01,-1.877036719000000145e-02,6.521282067000000807e-03,9.910305973000000934e-01,-1.321495421999999975e-01
1.115791442000000089e+01,-5.329540887000000282e+01,7.566511738000000209e-01,-1.166784528999999931e-02,6.017693527999999799e-03,9.873757527000001089e-01,-1.578504729999999912e-01
1.104866056999999913e+01,-5.331653482000000110e+01,7.583204363000000114e-01,-7.718933269000000097e-03,3.617585826999999607e-04,9.840028563999998479e-01,-1.779850156999999988e-01
1.094056272999999990e+01,-5.333920266999999882e+01,7.693087815000000385e-01,-8.618123100999998398e-03,-7.199454626999999760e-03,9.780109932999999645e-01,-2.082507930999999701e-01
1.083137370000000033e+01,-5.337207389999999663e+01,7.792812486000000316e-01,-1.095044099000000090e-02,-1.211855742000000208e-02,9.741108377000000651e-01,-2.254801638000000219e-01
1.072387149000000051e+01,-5.340618341999999785e+01,7.778114485999999550e-01,-9.911562821999999814e-03,-1.392636218000000044e-02,9.696995616000000373e-01,-2.437018210999999934e-01
1.061511727000000072e+01,-5.344796675999999991e+01,7.650184480999999703e-01,-6.352911335000000111e-03,-1.254908318999999745e-02,9.655522965999998597e-01,-2.598286425999999927e-01
1.050531868000000024e+01,-5.349236040000000258e+01,7.514482695999999962e-01,-3.315870370999999660e-03,-9.287181944999998648e-03,9.652249870999999315e-01,-2.612345259999999669e-01
1.039717322999999993e+01,-5.354170065000000278e+01,7.499760695999999616e-01,2.730970699999999904e-03,-8.641587382000000261e-03,9.655624042999999546e-01,-2.600136693999999804e-01
1.028968139000000015e+01,-5.358927864000000341e+01,7.543462575999999586e-01,5.823566660000000688e-04,-9.856580333999999735e-03,9.679803302000000720e-01,-2.508317942000000689e-01
1.017524322000000048e+01,-5.363602462000000060e+01,7.565333009000000386e-01,-1.396897402999999933e-02,-7.745893499000001264e-03,9.652716158999999907e-01,-2.607596142999999977e-01
1.005739078000000042e+01,-5.368399190000000232e+01,7.547672245000000002e-01,-2.795367664000000113e-02,-2.125729769000000210e-03,9.635332223000000473e-01,-2.661161450999999789e-01
9.942122234999999364e+00,-5.372551101999999901e+01,7.418574902000000248e-01,-2.653029116000000381e-02,4.211172332000001281e-03,9.601216355999999674e-01,-2.782891564000000706e-01
9.828803699999999921e+00,-5.376703408000000195e+01,7.276612431000000214e-01,-1.968549744999999879e-02,5.724085727000000415e-03,9.595729791000000564e-01,-2.807123328999999723e-01
9.713336463999999282e+00,-5.381336578999999887e+01,7.280342507999999491e-01,-2.373176266999999992e-02,-4.476374996000000118e-04,9.642166543999999284e-01,-2.640508406000000030e-01
9.603873629000000633e+00,-5.385647589999999951e+01,7.424175188999999619e-01,-2.587997065000000041e-02,-2.398735201999999990e-03,9.609898596000000515e-01,-2.753596973999999920e-01
9.495486598999999472e+00,-5.391148551999999938e+01,7.504824696999999878e-01,-2.942538414000000005e-02,-3.007203475000000230e-03,9.565054487000000938e-01,-2.902110097000000222e-01
9.389196872999999499e+00,-5.396353077999999925e+01,7.474828748999999828e-01,-2.683361297000000367e-02,-1.081795222999999955e-03,9.577680526999999833e-01,-2.862850751000000082e-01
9.279996513000000391e+00,-5.402212546999999887e+01,7.395162145000000464e-01,-2.050353585000000076e-02,4.766003609999999724e-03,9.520945296000000724e-01,-3.050785094999999836e-01
9.171029940000000380e+00,-5.408286812000000054e+01,7.378876074000000340e-01,-1.548393520000000169e-02,7.285993749000000200e-03,9.568236759999999563e-01,-2.901648066999999998e-01
9.065645997000000733e+00,-5.414465264999999761e+01,7.515749315999999958e-01,-1.047403725999999924e-02,6.782447429999999625e-03,9.592432153000001183e-01,-2.823061224999999785e-01
8.961956688000000781e+00,-5.420310967000000346e+01,7.664810744000000176e-01,-1.083274642999999988e-02,2.161447055000000148e-03,9.604652380999999517e-01,-2.781807077000000294e-01
8.856957128999999540e+00,-5.426081752000000336e+01,7.712004099000000501e-01,-1.375367558000000108e-02,5.593680578000001123e-04,9.584665398999999697e-01,-2.848726301000000238e-01
8.748692697999999268e+00,-5.431854891999999779e+01,7.638518356000000287e-01,-1.199895288000000018e-02,2.326912909999999824e-03,9.569321209000000161e-01,-2.900543509999999880e-01
8.639143793000000571e+00,-5.437372426999999675e+01,7.524796947999999874e-01,-7.311462446000000295e-03,1.899772186999999996e-03,9.527647930000000542e-01,-3.036151885000000217e-01
8.533225931000000486e+00,-5.442644794000000275e+01,7.497044943999999767e-01,-1.841303126999999790e-03,-2.055553779000000088e-04,9.470998175999999491e-01,-3.209337981000000006e-01
8.427646474999999526e+00,-5.448306971000000232e+01,7.608212624000000313e-01,-7.224441239000001062e-03,-3.929167328000000327e-03,9.408370235000000914e-01,-3.387595965000000375e-01
8.325635012999999418e+00,-5.454605295999999726e+01,7.721433872999999837e-01,-1.766330712999999997e-02,-8.585282245000000825e-03,9.354317955999998935e-01,-3.529612674999999533e-01
8.226377941999999166e+00,-5.461095164000000324e+01,7.733404359000000117e-01,-2.499511455000000271e-02,-1.017735045000000074e-02,9.276458436000001306e-01,-3.724847039000000470e-01
8.131206525999999712e+00,-5.468111609000000328e+01,7.642478362000000303e-01,-2.300605105000000025e-02,-6.563690377000000291e-03,9.230902006000001325e-01,-3.838386654000000009e-01
8.041674812000000117e+00,-5.475111971999999838e+01,7.582630295000000187e-01,-1.725230092000000492e-02,-4.108040296000000854e-03,9.237289100000000142e-01,-3.826360973999999859e-01
7.958862695999999737e+00,-5.482408729000000136e+01,7.645127781999999650e-01,-1.243636759000000050e-02,-2.332948447999999998e-03,9.209354508999999522e-01,-3.895096780999999786e-01
7.874791847000000011e+00,-5.489832947000000019e+01,7.797484022999999764e-01,-1.822960298999999965e-02,-7.908291543000000451e-03,9.257895612999998969e-01,-3.775166600999999567e-01
7.794062709000000311e+00,-5.496635170999999787e+01,7.896972429999999932e-01,-2.727578544999999938e-02,-1.205219836999999947e-02,9.231164526999998676e-01,-3.833624796999999806e-01
7.713768057000000233e+00,-5.503458627999999919e+01,7.922099219999999553e-01,-3.073988420000000124e-02,-9.470055855999999841e-03,9.194056106000000339e-01,-3.919932407000000230e-01
7.638527395999999747e+00,-5.509234627000000017e+01,7.906008360999999818e-01,-2.329984017999999976e-02,-3.624587916000000104e-03,9.154277715999999954e-01,-4.017909590000000031e-01
7.564075163000000046e+00,-5.514721706000000268e+01,7.914286021999999976e-01,-1.359862174999999958e-02,-3.072719922000000017e-03,9.103927451999999088e-01,-4.135101998999999862e-01
7.490504590999999657e+00,-5.520183129000000122e+01,8.024255867999999792e-01,-1.307657352000000071e-02,-4.159057893000000193e-03,9.104186154000000197e-01,-4.134605787000000254e-01
7.419313612999999918e+00,-5.525231177999999943e+01,8.183797969999999644e-01,-1.063882785000000095e-02,-1.544655928000000225e-03,9.007677133000001612e-01,-4.341681195000000049e-01
7.349962400999999979e+00,-5.531187203000000352e+01,8.287203447000000001e-01,-1.678004217999999950e-02,8.877013652999999564e-04,8.962757582000000500e-01,-4.431787533000000057e-01
7.285429094999999577e+00,-5.537401813999999689e+01,8.291943638000000005e-01,-1.862906170000000125e-02,2.762525440000000027e-03,8.952456177999998932e-01,-4.451748086999999243e-01
7.226761354999999831e+00,-5.543862355000000264e+01,8.223975072000000441e-01,-1.243390997999999949e-02,3.406116591000000072e-03,8.906184419999999546e-01,-4.545685724999999899e-01
7.168414700999999667e+00,-5.551226495000000227e+01,8.155280646000000466e-01,-5.242934083999999106e-03,7.189223218999999353e-03,8.950157941999998812e-01,-4.459456858999999995e-01
7.124403253999999741e+00,-5.558109618999999668e+01,8.154933115000000399e-01,2.709820002999999925e-03,1.018925749000000082e-02,8.945362420000001480e-01,-4.468710638000000235e-01
7.081144330999999958e+00,-5.565261509999999845e+01,8.238959689000000530e-01,7.405649093000000755e-04,1.312328222999999995e-02,8.956721125000001171e-01,-4.445207508999999835e-01
7.041153238999999786e+00,-5.571765039999999658e+01,8.312416832000000255e-01,9.935818949000000506e-05,1.216579448999999952e-02,9.012483886000000055e-01,-4.331319954999999777e-01
7.002747650999999962e+00,-5.577433891999999815e+01,8.382779594999999473e-01,-4.248577929999999662e-03,7.682031885000000122e-03,8.989506331000000072e-01,-4.379619793000000261e-01
6.964891184999999929e+00,-5.582582069000000047e+01,8.402713301999999995e-01,-3.806881086000000330e-03,7.228538033999999494e-03,9.033384285000000125e-01,-4.288507193000000162e-01
6.931416728000000305e+00,-5.586766478999999919e+01,8.403377413000000518e-01,-7.079247435000000314e-04,7.692571260999999001e-03,9.021537700999998632e-01,-4.313454513000000157e-01
6.896533429999999854e+00,-5.591042640999999946e+01,8.391583650999999699e-01,2.121114966999999938e-03,3.364195377000000174e-03,9.028337841000000363e-01,-4.299713260999999953e-01
6.856909486000000165e+00,-5.595102277000000157e+01,8.369327992999999744e-01,5.717134930999999767e-03,-8.712735125000000032e-04,9.028257981999999737e-01,-4.299675957999999909e-01
6.816122627000000378e+00,-5.599196536000000179e+01,8.338070403999999769e-01,1.016450607000000082e-02,-2.917128995999999767e-04,8.989558722999999585e-01,-4.379211543000000040e-01
6.769264623999999841e+00,-5.602878465999999946e+01,8.345343807999999752e-01,1.469079557000000161e-02,6.585975930000000610e-03,8.908244143000000337e-01,-4.540624058000000685e-01
6.721561419999999565e+00,-5.607130752999999856e+01,8.419356204000000288e-01,9.353159437000000201e-03,6.459129511999999775e-03,8.871520811000001006e-01,-4.613371685000000055e-01
6.678392616000000004e+00,-5.610745450999999662e+01,8.461296579999999512e-01,7.649858473000000110e-03,5.119885450000000171e-03,8.857901956999998383e-01,-4.639946073999999809e-01
6.637219152000000122e+00,-5.615154322000000064e+01,8.500520327999999681e-01,2.600991090000000163e-04,2.486559864000000182e-03,8.837580816000000228e-01,-4.679373917999999910e-01
6.599263693000000153e+00,-5.619603161999999941e+01,8.527278568999999697e-01,-3.223435170999999506e-03,2.689851920999999403e-03,8.860320018999998659e-01,-4.636050750999999304e-01
6.563948832000000344e+00,-5.624043835999999885e+01,8.522357725000000439e-01,-7.926967938999999325e-03,3.588356993999999942e-03,8.834531975999999620e-01,-4.684386133999999258e-01
6.530862047000000281e+00,-5.628621229000000170e+01,8.518122004999999497e-01,-1.068167046000000064e-02,8.456893227000000443e-03,8.873280643000001078e-01,-4.609374026999999985e-01
6.506419386000000138e+00,-5.632059191999999825e+01,8.558808549999999959e-01,-1.313079402999999847e-02,1.157719663999999885e-02,8.887633910999999109e-01,-4.580318607999999680e-01
6.485185092000000040e+00,-5.635695254000000176e+01,8.607913836999999679e-01,-1.267140990999999876e-02,1.266228181000000029e-02,8.944344414999999548e-01,-4.468401636000000066e-01
6.466798521000000299e+00,-5.638375098000000207e+01,8.630368736000000318e-01,-1.395846966999999932e-02,1.282841726000000064e-02,8.979344993000000219e-01,-4.397206247000000068e-01
6.448169560000000189e+00,-5.640909313000000225e+01,8.635636008000000530e-01,-1.931169526999999830e-02,1.018117806000000056e-02,8.910117034000000213e-01,-4.534551206000000390e-01
6.428710278999999694e+00,-5.642881466000000046e+01,8.604164853000000335e-01,-2.050723892000000034e-02,5.917508666999999646e-03,8.915221357999999485e-01,-4.524739965999999836e-01
6.419101588000000191e+00,-5.643922864999999689e+01,8.617399997000000367e-01,-2.088412018000000356e-02,4.501740316000000315e-04,8.851474836000000623e-01,-4.648414600999999924e-01
6.408750468000000033e+00,-5.645072403999999722e+01,8.636057865999999805e-01,-2.127154468000000062e-02,-2.042483196999999966e-03,8.873151847999999342e-01,-4.606681152999999584e-01
6.404109467999999694e+00,-5.645248484999999761e+01,8.665529251000000377e-01,-1.894450916999999845e-02,-2.881454362000000161e-03,8.823671433999999980e-01,-4.701712740999999807e-01
